-- phpMyAdmin SQL Dump
-- version 5.1.0
-- https://www.phpmyadmin.net/
--
-- Servidor: 127.0.0.1
-- Tiempo de generación: 28-06-2021 a las 19:22:44
-- Versión del servidor: 10.4.19-MariaDB
-- Versión de PHP: 7.3.28

SET SQL_MODE = "NO_AUTO_VALUE_ON_ZERO";
START TRANSACTION;
SET time_zone = "+00:00";


/*!40101 SET @OLD_CHARACTER_SET_CLIENT=@@CHARACTER_SET_CLIENT */;
/*!40101 SET @OLD_CHARACTER_SET_RESULTS=@@CHARACTER_SET_RESULTS */;
/*!40101 SET @OLD_COLLATION_CONNECTION=@@COLLATION_CONNECTION */;
/*!40101 SET NAMES utf8mb4 */;

--
-- Base de datos: `car`
--

-- --------------------------------------------------------

--
-- Estructura de tabla para la tabla `carro`
--

CREATE TABLE `carro` (
  `id_chasis` varchar(255) NOT NULL,
  `id_sede` int(11) NOT NULL,
  `cilindraje` int(11) NOT NULL,
  `color` varchar(255) NOT NULL,
  `id_modelo` varchar(255) NOT NULL
) ENGINE=InnoDB DEFAULT CHARSET=utf8mb4;

--
-- Volcado de datos para la tabla `carro`
--

INSERT INTO `carro` (`id_chasis`, `id_sede`, `cilindraje`, `color`, `id_modelo`) VALUES
('ch00048680N', 3, 2000, 'marrón', '6'),
('ch00326635N', 2, 1600, 'marrón', '6'),
('ch00328644C', 4, 2000, 'verde', '2'),
('ch00372680B', 3, 1000, 'gris', '3'),
('ch00377904Z', 2, 2000, 'gris', '6'),
('ch00386280H', 3, 2000, 'marrón', '1'),
('ch00408399B', 2, 2000, 'verde', '3'),
('ch00617155L', 3, 2000, 'azul', '5'),
('ch00914909S', 2, 2000, 'naranja', '4'),
('ch00940675K', 2, 1400, 'naranja', '3'),
('ch00940801D', 1, 1400, 'naranja', '2'),
('ch01002144B', 4, 2000, 'azul', '3'),
('ch01214557L', 3, 2000, 'negro', '4'),
('ch01222079C', 1, 1800, 'naranja', '3'),
('ch01234854F', 3, 1400, 'gris', '6'),
('ch01245021P', 3, 2000, 'naranja', '6'),
('ch01381360A', 3, 1400, 'marrón', '2'),
('ch01496411P', 4, 2000, 'marrón', '6'),
('ch01563542W', 4, 2000, 'negro', '6'),
('ch01580007E', 2, 2000, 'verde', '5'),
('ch01589052M', 4, 2000, 'gris', '6'),
('ch01700549K', 2, 2000, 'marrón', '2'),
('ch01759090G', 1, 2000, 'negro', '1'),
('ch01902259K', 1, 1000, 'gris', '4'),
('ch01997463M', 3, 2000, 'gris', '1'),
('ch02062452L', 2, 1000, 'verde', '3'),
('ch02372258S', 3, 2000, 'gris', '4'),
('ch02389681G', 4, 1400, 'negro', '3'),
('ch02410891P', 4, 2000, 'verde', '6'),
('ch02535212Z', 2, 2000, 'azul', '3'),
('ch02604122Q', 4, 2000, 'marrón', '6'),
('ch02880083T', 4, 2000, 'azul', '4'),
('ch02903621D', 3, 2000, 'negro', '6'),
('ch03146577Q', 3, 2000, 'gris', '2'),
('ch03182182V', 1, 1800, 'naranja', '2'),
('ch03293451N', 1, 1600, 'naranja', '6'),
('ch03300557B', 2, 1600, 'verde', '1'),
('ch03327577Y', 3, 1600, 'marrón', '6'),
('ch03566057E', 3, 2000, 'azul', '3'),
('ch03607416G', 3, 1800, 'azul', '3'),
('ch03692163L', 4, 1800, 'azul', '4'),
('ch03729261H', 1, 1400, 'marrón', '1'),
('ch03745798H', 3, 2000, 'azul', '1'),
('ch03823425C', 2, 1600, 'marrón', '3'),
('ch03898791S', 2, 2000, 'gris', '6'),
('ch03921145J', 2, 2000, 'azul', '3'),
('ch03944633H', 1, 1600, 'marrón', '3'),
('ch03981294V', 1, 2000, 'marrón', '5'),
('ch04049580Q', 3, 2000, 'negro', '6'),
('ch04108534K', 3, 1600, 'marrón', '4'),
('ch04119817B', 1, 2000, 'azul', '2'),
('ch04168288K', 1, 1400, 'negro', '4'),
('ch04266737F', 3, 1400, 'gris', '2'),
('ch04315408X', 3, 1400, 'naranja', '6'),
('ch04421352Q', 4, 2000, 'negro', '2'),
('ch04664764L', 4, 2000, 'naranja', '6'),
('ch04844182Z', 1, 1800, 'verde', '1'),
('ch04912802W', 4, 1000, 'negro', '5'),
('ch05007552S', 2, 1000, 'gris', '2'),
('ch05153684M', 2, 1000, 'naranja', '4'),
('ch05192114W', 1, 1000, 'naranja', '2'),
('ch05233769G', 4, 2000, 'gris', '1'),
('ch05274245T', 4, 2000, 'gris', '3'),
('ch05300601K', 1, 1600, 'azul', '1'),
('ch05419639B', 2, 1800, 'azul', '2'),
('ch05452036R', 4, 1600, 'marrón', '6'),
('ch05501328G', 3, 2000, 'negro', '4'),
('ch05706110V', 2, 2000, 'negro', '4'),
('ch05762537W', 1, 1400, 'gris', '1'),
('ch05835206Z', 4, 1800, 'verde', '5'),
('ch05848270Z', 2, 1000, 'naranja', '5'),
('ch05956958G', 3, 1600, 'negro', '2'),
('ch06070590Q', 2, 1400, 'marrón', '6'),
('ch06115603H', 3, 1000, 'naranja', '1'),
('ch06126653M', 4, 2000, 'azul', '3'),
('ch06140503D', 3, 1800, 'negro', '6'),
('ch06148879J', 2, 1600, 'negro', '3'),
('ch06227370M', 2, 1600, 'verde', '4'),
('ch06269454E', 4, 2000, 'azul', '5'),
('ch06346294L', 4, 1400, 'marrón', '5'),
('ch06451559J', 2, 1800, 'marrón', '2'),
('ch06464081T', 1, 2000, 'naranja', '4'),
('ch06590081Y', 4, 1400, 'naranja', '3'),
('ch06608324X', 2, 1400, 'verde', '3'),
('ch06624845V', 1, 1400, 'azul', '6'),
('ch06675996Q', 3, 1800, 'naranja', '6'),
('ch06708735A', 1, 1000, 'gris', '4'),
('ch06761254J', 4, 2000, 'verde', '1'),
('ch06762692W', 3, 2000, 'negro', '1'),
('ch06859671J', 4, 2000, 'verde', '1'),
('ch06961609S', 4, 1000, 'naranja', '3'),
('ch07045439X', 2, 2000, 'marrón', '3'),
('ch07051018T', 4, 1800, 'marrón', '2'),
('ch07197789P', 3, 2000, 'negro', '4'),
('ch07207175X', 3, 2000, 'verde', '4'),
('ch07398718D', 4, 2000, 'naranja', '3'),
('ch07451117Z', 2, 2000, 'negro', '5'),
('ch07467015L', 1, 1800, 'marrón', '3'),
('ch07480470L', 4, 1800, 'marrón', '6'),
('ch07542967W', 2, 1600, 'negro', '5'),
('ch07603746S', 1, 2000, 'negro', '2'),
('ch07611354X', 3, 1600, 'marrón', '3'),
('ch07637442Q', 3, 1000, 'naranja', '5'),
('ch07762292E', 1, 1600, 'azul', '1'),
('ch07946776T', 3, 1800, 'negro', '4'),
('ch07967195H', 3, 1600, 'negro', '6'),
('ch08017375N', 1, 1600, 'naranja', '1'),
('ch08201954Q', 2, 2000, 'marrón', '3'),
('ch08308687Y', 3, 1400, 'gris', '3'),
('ch08361613D', 2, 1600, 'gris', '4'),
('ch08585192M', 2, 1400, 'negro', '4'),
('ch08599797M', 3, 1000, 'gris', '3'),
('ch08773663Z', 3, 1400, 'azul', '6'),
('ch08794421A', 1, 2000, 'naranja', '1'),
('ch08852919N', 3, 1000, 'negro', '3'),
('ch08890955Y', 1, 2000, 'negro', '3'),
('ch08998433M', 4, 2000, 'naranja', '4'),
('ch09063232J', 2, 1600, 'azul', '6'),
('ch09117513Z', 2, 2000, 'negro', '3'),
('ch09129256G', 4, 2000, 'gris', '6'),
('ch09151398C', 2, 2000, 'azul', '1'),
('ch09166894Z', 4, 2000, 'gris', '2'),
('ch09205080C', 4, 1400, 'negro', '6'),
('ch09257322Y', 4, 2000, 'naranja', '1'),
('ch09270817T', 3, 1000, 'negro', '5'),
('ch09295832Z', 1, 2000, 'naranja', '6'),
('ch09361642K', 4, 2000, 'verde', '4'),
('ch09483006Z', 4, 1400, 'marrón', '5'),
('ch09629500K', 2, 1000, 'gris', '3'),
('ch09649938N', 4, 1000, 'negro', '6'),
('ch09850569Z', 4, 2000, 'verde', '3'),
('ch09854380F', 3, 1000, 'marrón', '4'),
('ch09899701H', 1, 2000, 'naranja', '3'),
('ch09913921R', 4, 1600, 'negro', '3'),
('ch09928786P', 1, 2000, 'azul', '6'),
('ch09989765Z', 4, 1000, 'verde', '5'),
('ch10023398K', 4, 2000, 'gris', '6'),
('ch10059755S', 2, 1800, 'azul', '6'),
('ch10189354D', 2, 1400, 'naranja', '6'),
('ch10436456E', 4, 2000, 'azul', '3'),
('ch10564543E', 3, 1600, 'marrón', '1'),
('ch10587403C', 3, 2000, 'azul', '3'),
('ch10723581S', 4, 1600, 'naranja', '3'),
('ch10819167J', 4, 1000, 'gris', '4'),
('ch10869179T', 3, 2000, 'negro', '1'),
('ch10912038X', 4, 1000, 'negro', '3'),
('ch10962714V', 1, 1400, 'gris', '1'),
('ch10992297E', 3, 1000, 'naranja', '5'),
('ch11000599K', 2, 1800, 'negro', '1'),
('ch11023817D', 3, 2000, 'verde', '4'),
('ch11059369A', 4, 1800, 'marrón', '1'),
('ch11080924F', 3, 1600, 'negro', '4'),
('ch11131667N', 4, 2000, 'azul', '2'),
('ch11184084N', 2, 1800, 'marrón', '5'),
('ch11198276J', 3, 2000, 'verde', '6'),
('ch11298057C', 2, 1600, 'naranja', '6'),
('ch11313461Z', 4, 1400, 'azul', '2'),
('ch11356171J', 4, 2000, 'azul', '4'),
('ch11367966D', 4, 2000, 'verde', '5'),
('ch11377438M', 3, 1000, 'gris', '6'),
('ch11422797P', 4, 1400, 'azul', '1'),
('ch11443623L', 4, 1000, 'verde', '3'),
('ch11494485M', 4, 1000, 'verde', '5'),
('ch11536306N', 1, 1000, 'naranja', '1'),
('ch11657693M', 1, 1800, 'naranja', '6'),
('ch11740428D', 3, 1800, 'azul', '1'),
('ch11744493A', 4, 2000, 'gris', '3'),
('ch11958395M', 2, 1800, 'marrón', '1'),
('ch12097957A', 3, 1600, 'negro', '6'),
('ch12125832W', 3, 1600, 'verde', '3'),
('ch12343297W', 2, 2000, 'negro', '1'),
('ch12364165D', 1, 1800, 'naranja', '1'),
('ch12364473H', 4, 1600, 'negro', '2'),
('ch12366848R', 1, 2000, 'naranja', '6'),
('ch12454193S', 3, 1600, 'naranja', '3'),
('ch12525175L', 4, 1400, 'gris', '3'),
('ch12657829D', 3, 2000, 'marrón', '6'),
('ch12882930D', 2, 1800, 'naranja', '3'),
('ch12997721F', 2, 1400, 'marrón', '5'),
('ch13041356B', 3, 1800, 'gris', '4'),
('ch13065854Z', 3, 2000, 'gris', '1'),
('ch13182955E', 3, 2000, 'gris', '3'),
('ch13392063Z', 1, 1800, 'azul', '1'),
('ch13457115E', 4, 2000, 'gris', '3'),
('ch13496532V', 2, 2000, 'negro', '1'),
('ch13499788F', 1, 1600, 'naranja', '5'),
('ch13647588D', 1, 2000, 'marrón', '3'),
('ch13658572E', 1, 1400, 'verde', '3'),
('ch13728213L', 2, 2000, 'verde', '4'),
('ch13749626L', 2, 1400, 'marrón', '5'),
('ch13758953P', 2, 1600, 'negro', '6'),
('ch13842431L', 4, 2000, 'negro', '6'),
('ch13878476T', 2, 1800, 'azul', '4'),
('ch13895951H', 2, 1400, 'negro', '6'),
('ch14029730Y', 4, 1600, 'gris', '2'),
('ch14059830E', 3, 1800, 'azul', '2'),
('ch14204138M', 4, 1400, 'verde', '4'),
('ch14343041B', 4, 2000, 'marrón', '6'),
('ch14484451V', 4, 1400, 'gris', '2'),
('ch14502840Y', 1, 1600, 'gris', '5'),
('ch14530269L', 3, 2000, 'naranja', '2'),
('ch14632562P', 3, 1000, 'gris', '6'),
('ch14711561W', 1, 1600, 'naranja', '5'),
('ch14729443J', 1, 2000, 'verde', '2'),
('ch14752088A', 4, 1600, 'marrón', '2'),
('ch14768887N', 4, 1800, 'marrón', '6'),
('ch14771349J', 1, 1400, 'negro', '4'),
('ch14771985M', 1, 1000, 'azul', '3'),
('ch14895462H', 2, 1400, 'negro', '6'),
('ch14917324F', 1, 1000, 'naranja', '4'),
('ch15087644N', 2, 2000, 'naranja', '5'),
('ch15201700B', 2, 1400, 'verde', '4'),
('ch15258027B', 3, 1400, 'marrón', '3'),
('ch15373002D', 1, 2000, 'marrón', '3'),
('ch15667576E', 1, 1400, 'azul', '6'),
('ch15742297Q', 2, 1600, 'naranja', '1'),
('ch15891888S', 2, 1600, 'verde', '1'),
('ch15912825E', 1, 1000, 'negro', '2'),
('ch15914508A', 4, 2000, 'gris', '6'),
('ch15994966F', 4, 1000, 'verde', '5'),
('ch16111727C', 1, 1400, 'naranja', '2'),
('ch16160634Y', 2, 1400, 'marrón', '2'),
('ch16323215T', 4, 1600, 'verde', '6'),
('ch16369581K', 1, 1600, 'naranja', '4'),
('ch16502589C', 3, 1800, 'marrón', '5'),
('ch16692975N', 2, 1400, 'verde', '3'),
('ch16721366K', 2, 2000, 'azul', '1'),
('ch16746354P', 2, 2000, 'marrón', '5'),
('ch16751352S', 1, 2000, 'verde', '1'),
('ch16814021D', 3, 1400, 'marrón', '4'),
('ch16838907D', 3, 1800, 'naranja', '3'),
('ch16851160A', 3, 1000, 'naranja', '1'),
('ch16885270G', 4, 1800, 'negro', '4'),
('ch16981098Z', 1, 1400, 'naranja', '5'),
('ch17052765J', 4, 1800, 'marrón', '3'),
('ch17134348S', 1, 2000, 'negro', '3'),
('ch17200107V', 2, 1600, 'azul', '5'),
('ch17207559V', 2, 1000, 'verde', '6'),
('ch17237467W', 3, 2000, 'marrón', '4'),
('ch17308672E', 4, 1800, 'naranja', '1'),
('ch17316877Q', 1, 2000, 'gris', '1'),
('ch17375502Z', 1, 1600, 'azul', '5'),
('ch17447029B', 4, 2000, 'azul', '6'),
('ch17539463P', 4, 1800, 'marrón', '6'),
('ch17610362K', 1, 1000, 'naranja', '4'),
('ch17671760D', 1, 1600, 'naranja', '1'),
('ch17701584W', 3, 2000, 'gris', '4'),
('ch17719038E', 2, 1400, 'marrón', '3'),
('ch17997702H', 4, 1600, 'gris', '4'),
('ch18008343X', 1, 1400, 'azul', '4'),
('ch18020473L', 1, 1000, 'negro', '1'),
('ch18043642G', 1, 2000, 'gris', '5'),
('ch18052844Y', 1, 2000, 'marrón', '1'),
('ch18069181J', 4, 1400, 'naranja', '4'),
('ch18098238K', 3, 2000, 'marrón', '6'),
('ch18214054D', 1, 2000, 'azul', '5'),
('ch18306808G', 4, 1400, 'naranja', '1'),
('ch18432778A', 1, 1000, 'verde', '4'),
('ch18499999H', 2, 1400, 'azul', '4'),
('ch18517122Y', 4, 1400, 'verde', '4'),
('ch18541233J', 2, 2000, 'gris', '1'),
('ch18933555R', 3, 1800, 'naranja', '4'),
('ch19024063G', 3, 1800, 'negro', '1'),
('ch19073323K', 2, 1000, 'marrón', '4'),
('ch19134351F', 1, 1000, 'gris', '1'),
('ch19451336Y', 2, 1000, 'marrón', '1'),
('ch19478811L', 4, 1600, 'verde', '2'),
('ch19680160A', 3, 1600, 'marrón', '5'),
('ch19766758Y', 1, 2000, 'verde', '1'),
('ch19781365P', 4, 1800, 'gris', '3'),
('ch20047104M', 2, 1000, 'marrón', '4'),
('ch20065384T', 1, 1800, 'gris', '4'),
('ch20094398B', 1, 2000, 'marrón', '4'),
('ch20133688V', 2, 2000, 'verde', '2'),
('ch20265635J', 4, 1400, 'gris', '3'),
('ch20360138D', 4, 1600, 'verde', '4'),
('ch20389125Q', 3, 1600, 'verde', '6'),
('ch20397706H', 4, 2000, 'gris', '3'),
('ch20492713N', 3, 1400, 'verde', '1'),
('ch20541448X', 1, 1400, 'gris', '5'),
('ch20566426X', 1, 1800, 'azul', '5'),
('ch20601452F', 3, 1800, 'gris', '5'),
('ch20644934L', 3, 2000, 'negro', '6'),
('ch20740310Z', 1, 1400, 'marrón', '2'),
('ch20780572A', 3, 1400, 'negro', '1'),
('ch20816230B', 3, 1000, 'gris', '4'),
('ch20829562A', 1, 1800, 'gris', '1'),
('ch20969447W', 4, 2000, 'negro', '1'),
('ch21019136B', 1, 1000, 'verde', '1'),
('ch21162105N', 4, 1400, 'verde', '3'),
('ch21211487J', 1, 2000, 'negro', '6'),
('ch21295743C', 2, 1400, 'gris', '2'),
('ch21324943X', 4, 1400, 'verde', '3'),
('ch21338152V', 2, 1600, 'azul', '1'),
('ch21367382Z', 4, 1400, 'azul', '2'),
('ch21453415G', 3, 1800, 'gris', '6'),
('ch21598578Z', 1, 1000, 'azul', '2'),
('ch21678170A', 2, 2000, 'marrón', '2'),
('ch21989591G', 1, 1400, 'gris', '6'),
('ch22014005S', 2, 2000, 'gris', '5'),
('ch22019250Q', 3, 1800, 'verde', '3'),
('ch22169745E', 3, 1600, 'azul', '5'),
('ch22345172M', 3, 1600, 'gris', '4'),
('ch22393767R', 1, 2000, 'gris', '5'),
('ch22429507E', 3, 1400, 'negro', '2'),
('ch22450741G', 4, 2000, 'naranja', '1'),
('ch22498428N', 1, 2000, 'verde', '6'),
('ch22829744J', 1, 1800, 'azul', '2'),
('ch22864525H', 2, 2000, 'negro', '5'),
('ch22905483J', 4, 1400, 'azul', '6'),
('ch22924609A', 1, 1400, 'negro', '6'),
('ch23043818A', 1, 2000, 'marrón', '1'),
('ch23230144Y', 4, 2000, 'azul', '1'),
('ch23263152D', 1, 2000, 'naranja', '2'),
('ch23302535Q', 4, 1400, 'verde', '4'),
('ch23326425D', 3, 2000, 'marrón', '3'),
('ch23335230M', 3, 1400, 'marrón', '1'),
('ch23552068E', 4, 2000, 'azul', '2'),
('ch23631667H', 1, 1000, 'negro', '2'),
('ch23773344S', 1, 1800, 'naranja', '5'),
('ch23849980S', 3, 1600, 'negro', '6'),
('ch23947887B', 3, 1600, 'negro', '1'),
('ch23965857H', 4, 2000, 'verde', '1'),
('ch23989976X', 4, 1600, 'verde', '3'),
('ch24054582D', 4, 2000, 'naranja', '2'),
('ch24085638S', 3, 1600, 'naranja', '3'),
('ch24176643D', 2, 1000, 'negro', '6'),
('ch24209725V', 2, 2000, 'verde', '6'),
('ch24237102R', 2, 1000, 'negro', '3'),
('ch24340238M', 2, 1800, 'negro', '3'),
('ch24384894H', 1, 2000, 'verde', '2'),
('ch24511180B', 3, 2000, 'gris', '4'),
('ch24591325R', 2, 1800, 'negro', '2'),
('ch24653080R', 2, 1800, 'marrón', '6'),
('ch24685726X', 2, 2000, 'azul', '5'),
('ch24727095W', 3, 2000, 'gris', '6'),
('ch24756945K', 2, 2000, 'verde', '1'),
('ch24815314Q', 3, 2000, 'naranja', '1'),
('ch24875226J', 2, 2000, 'negro', '4'),
('ch24990399W', 2, 1800, 'gris', '2'),
('ch25103769M', 1, 2000, 'gris', '6'),
('ch25164739W', 1, 1400, 'verde', '6'),
('ch25208907X', 1, 1000, 'azul', '4'),
('ch25266203J', 1, 1600, 'negro', '1'),
('ch25350012X', 4, 1600, 'naranja', '4'),
('ch25444558A', 2, 1600, 'naranja', '1'),
('ch25462880V', 4, 1400, 'negro', '4'),
('ch25565871Z', 3, 1000, 'marrón', '2'),
('ch25610671X', 1, 2000, 'naranja', '1'),
('ch25678040N', 2, 1600, 'verde', '5'),
('ch25824180X', 1, 2000, 'verde', '1'),
('ch26021452B', 1, 1600, 'negro', '5'),
('ch26112056H', 3, 2000, 'negro', '2'),
('ch26303869B', 4, 1600, 'gris', '1'),
('ch26326039D', 4, 1800, 'naranja', '5'),
('ch26373143D', 2, 2000, 'marrón', '3'),
('ch26391367V', 2, 1400, 'naranja', '5'),
('ch26405453G', 1, 1000, 'negro', '5'),
('ch26461368Y', 2, 1400, 'negro', '5'),
('ch26499624J', 4, 1400, 'azul', '3'),
('ch26867605V', 4, 2000, 'verde', '3'),
('ch26908181K', 2, 2000, 'marrón', '1'),
('ch26991093H', 4, 1000, 'naranja', '4'),
('ch27043273B', 4, 1400, 'verde', '6'),
('ch27122888T', 3, 1400, 'azul', '4'),
('ch27136433K', 3, 2000, 'negro', '6'),
('ch27333984W', 3, 2000, 'marrón', '2'),
('ch27368158K', 4, 1800, 'verde', '1'),
('ch27371300N', 3, 1600, 'naranja', '3'),
('ch27414263B', 2, 2000, 'naranja', '2'),
('ch27432797F', 2, 1000, 'negro', '5'),
('ch27436769T', 3, 2000, 'naranja', '1'),
('ch27532263K', 3, 2000, 'negro', '1'),
('ch27539435V', 2, 2000, 'marrón', '4'),
('ch27543642S', 3, 2000, 'marrón', '4'),
('ch27554378X', 1, 1800, 'gris', '6'),
('ch27562201J', 3, 1600, 'negro', '6'),
('ch27684495Q', 4, 1000, 'gris', '5'),
('ch27865918S', 1, 1000, 'negro', '2'),
('ch27873701R', 4, 1400, 'marrón', '5'),
('ch27943512F', 1, 2000, 'marrón', '1'),
('ch28060284P', 1, 2000, 'marrón', '5'),
('ch28074581E', 2, 1000, 'verde', '2'),
('ch28102622A', 3, 1400, 'verde', '2'),
('ch28114429B', 2, 1600, 'verde', '1'),
('ch28427300J', 1, 2000, 'verde', '1'),
('ch28439185F', 3, 2000, 'verde', '4'),
('ch28550821R', 2, 1800, 'negro', '3'),
('ch28768563W', 4, 1000, 'gris', '5'),
('ch28964268T', 4, 1400, 'azul', '4'),
('ch29143191Y', 1, 1400, 'marrón', '2'),
('ch29223975Z', 2, 2000, 'naranja', '6'),
('ch29320261E', 1, 2000, 'azul', '1'),
('ch29388422B', 1, 1400, 'marrón', '6'),
('ch29450825S', 4, 1400, 'azul', '4'),
('ch29465012B', 1, 2000, 'negro', '5'),
('ch29477068S', 1, 2000, 'azul', '6'),
('ch29570339K', 1, 1000, 'naranja', '5'),
('ch29598091N', 4, 2000, 'azul', '5'),
('ch29604338A', 3, 1400, 'gris', '6'),
('ch29634509K', 2, 1400, 'gris', '6'),
('ch29655088S', 3, 1400, 'azul', '2'),
('ch29674560Y', 3, 1800, 'marrón', '4'),
('ch29839443W', 3, 2000, 'verde', '3'),
('ch29935391V', 4, 2000, 'gris', '3'),
('ch30103351P', 1, 1600, 'negro', '6'),
('ch30115445G', 4, 2000, 'naranja', '2'),
('ch30384640F', 2, 2000, 'azul', '3'),
('ch30394742N', 1, 1600, 'negro', '5'),
('ch30415576P', 4, 1400, 'naranja', '1'),
('ch30430167V', 4, 1800, 'naranja', '1'),
('ch30468438Q', 3, 1600, 'marrón', '2'),
('ch30484600D', 2, 2000, 'azul', '6'),
('ch30594202Q', 1, 2000, 'gris', '5'),
('ch30699480T', 1, 1400, 'negro', '2'),
('ch30709949G', 3, 2000, 'negro', '1'),
('ch30735663G', 4, 2000, 'verde', '6'),
('ch30843265N', 1, 1800, 'verde', '6'),
('ch31166347J', 3, 1000, 'negro', '2'),
('ch31232231W', 1, 2000, 'marrón', '2'),
('ch31309428B', 4, 1400, 'naranja', '5'),
('ch31421915M', 1, 2000, 'gris', '1'),
('ch31434783Q', 1, 1800, 'marrón', '1'),
('ch31440488V', 4, 1600, 'verde', '1'),
('ch31506748Z', 3, 1000, 'negro', '5'),
('ch31523440P', 4, 1600, 'azul', '2'),
('ch31549849J', 3, 1600, 'negro', '4'),
('ch31600496Z', 3, 1400, 'verde', '6'),
('ch31604999D', 4, 2000, 'azul', '6'),
('ch31628885K', 2, 2000, 'marrón', '3'),
('ch31886976Y', 2, 1000, 'marrón', '6'),
('ch32011473G', 3, 1600, 'naranja', '6'),
('ch32177486A', 4, 2000, 'azul', '2'),
('ch32538043N', 2, 1400, 'verde', '6'),
('ch32643570S', 1, 2000, 'negro', '1'),
('ch32672925E', 2, 1800, 'marrón', '6'),
('ch32946637B', 2, 1000, 'negro', '2'),
('ch33007999D', 2, 2000, 'azul', '1'),
('ch33034366H', 3, 1000, 'marrón', '2'),
('ch33121588R', 1, 2000, 'marrón', '6'),
('ch33337514A', 3, 1800, 'verde', '2'),
('ch33345087D', 2, 1000, 'gris', '3'),
('ch33347850N', 4, 1400, 'marrón', '4'),
('ch33366412J', 3, 1600, 'azul', '2'),
('ch33418024J', 2, 1600, 'azul', '5'),
('ch33581373Q', 3, 1600, 'azul', '5'),
('ch33677348N', 1, 1000, 'naranja', '6'),
('ch33681314E', 4, 2000, 'negro', '5'),
('ch33820639J', 1, 1400, 'negro', '6'),
('ch33824359F', 3, 2000, 'azul', '5'),
('ch33840980E', 1, 1800, 'gris', '1'),
('ch33889654M', 4, 2000, 'gris', '1'),
('ch33917316K', 2, 1600, 'naranja', '3'),
('ch34019462R', 1, 1600, 'azul', '4'),
('ch34098597Q', 4, 1800, 'azul', '6'),
('ch34119628W', 2, 2000, 'marrón', '2'),
('ch34137982W', 2, 1000, 'verde', '1'),
('ch34408341L', 3, 2000, 'verde', '6'),
('ch34414100M', 1, 1600, 'negro', '4'),
('ch34549053V', 1, 1600, 'marrón', '5'),
('ch34579934D', 4, 1000, 'negro', '6'),
('ch34800610T', 1, 1600, 'naranja', '4'),
('ch35119380J', 3, 1000, 'naranja', '1'),
('ch35271032A', 3, 1400, 'azul', '6'),
('ch35471876B', 2, 2000, 'negro', '2'),
('ch35477770V', 2, 2000, 'naranja', '6'),
('ch35640372D', 2, 2000, 'naranja', '1'),
('ch35662593N', 3, 1600, 'azul', '1'),
('ch35713067R', 2, 1000, 'azul', '2'),
('ch35791517K', 3, 1400, 'naranja', '5'),
('ch35861570Q', 4, 1800, 'gris', '6'),
('ch35997822Q', 1, 1600, 'naranja', '3'),
('ch36015942N', 3, 1800, 'verde', '2'),
('ch36132513L', 3, 2000, 'verde', '3'),
('ch36246578G', 3, 1400, 'gris', '1'),
('ch36295643X', 1, 2000, 'azul', '3'),
('ch36334713A', 2, 1800, 'naranja', '3'),
('ch36424816S', 1, 1400, 'verde', '3'),
('ch36527535Q', 2, 1000, 'azul', '4'),
('ch36578655F', 3, 1800, 'naranja', '5'),
('ch36586497Y', 2, 2000, 'verde', '1'),
('ch36607689S', 1, 1400, 'negro', '4'),
('ch36623272G', 4, 1000, 'verde', '2'),
('ch36793351K', 2, 1600, 'gris', '4'),
('ch36808733Q', 2, 1800, 'azul', '3'),
('ch36875525Q', 2, 1800, 'negro', '1'),
('ch36931399T', 2, 2000, 'negro', '6'),
('ch36961376P', 3, 1000, 'marrón', '3'),
('ch37015718R', 4, 1800, 'negro', '2'),
('ch37018653S', 1, 1800, 'negro', '5'),
('ch37088233C', 4, 2000, 'marrón', '1'),
('ch37113794M', 1, 1400, 'marrón', '5'),
('ch37114194Z', 4, 1000, 'negro', '1'),
('ch37211400E', 4, 1600, 'azul', '6'),
('ch37310288X', 1, 2000, 'gris', '3'),
('ch37358089V', 1, 1600, 'verde', '4'),
('ch37636621L', 3, 1600, 'gris', '3'),
('ch37638287Y', 2, 2000, 'naranja', '5'),
('ch37693009B', 2, 2000, 'gris', '2'),
('ch37840548M', 3, 1400, 'azul', '2'),
('ch37851713S', 2, 2000, 'negro', '1'),
('ch37858316V', 1, 1000, 'azul', '4'),
('ch37947466L', 4, 2000, 'marrón', '6'),
('ch38112957W', 3, 1000, 'marrón', '6'),
('ch38218270K', 3, 1000, 'verde', '1'),
('ch38305214W', 4, 2000, 'azul', '4'),
('ch38358447J', 2, 1800, 'verde', '1'),
('ch38573569Q', 2, 1400, 'azul', '4'),
('ch38573718G', 1, 1600, 'azul', '6'),
('ch38580435M', 2, 2000, 'gris', '1'),
('ch38861596Z', 1, 1600, 'gris', '6'),
('ch39012704N', 1, 1000, 'marrón', '1'),
('ch39048983C', 4, 2000, 'marrón', '3'),
('ch39117918R', 1, 1400, 'marrón', '6'),
('ch39200968K', 3, 1600, 'negro', '1'),
('ch39300410B', 4, 1400, 'verde', '2'),
('ch39346460S', 1, 1600, 'gris', '1'),
('ch39354628H', 3, 2000, 'naranja', '1'),
('ch39467509S', 3, 2000, 'azul', '1'),
('ch39489954N', 4, 2000, 'gris', '2'),
('ch39490698C', 3, 1400, 'naranja', '1'),
('ch39597864Y', 1, 1000, 'naranja', '5'),
('ch39620607W', 4, 2000, 'gris', '5'),
('ch39693432D', 2, 1600, 'gris', '4'),
('ch39830682H', 1, 2000, 'naranja', '5'),
('ch39835805N', 1, 2000, 'gris', '5'),
('ch39885637A', 2, 1000, 'gris', '3'),
('ch40033982K', 4, 2000, 'marrón', '5'),
('ch40369143A', 2, 1800, 'gris', '3'),
('ch40387880H', 1, 2000, 'marrón', '4'),
('ch40531358E', 3, 2000, 'marrón', '6'),
('ch40550830J', 1, 1800, 'azul', '6'),
('ch40574764G', 4, 1600, 'gris', '1'),
('ch40791057M', 1, 1600, 'negro', '4'),
('ch40958483Z', 2, 2000, 'naranja', '6'),
('ch40963561D', 2, 2000, 'gris', '3'),
('ch41294235N', 1, 1600, 'azul', '4'),
('ch41322785L', 1, 1600, 'gris', '6'),
('ch41353597B', 3, 1800, 'negro', '5'),
('ch41385864D', 3, 2000, 'azul', '5'),
('ch41417887Q', 4, 1400, 'verde', '2'),
('ch41521687V', 3, 2000, 'marrón', '6'),
('ch41590603W', 4, 1400, 'naranja', '3'),
('ch41701630P', 2, 1600, 'naranja', '1'),
('ch41735611H', 2, 1600, 'negro', '1'),
('ch41836506N', 1, 1600, 'verde', '6'),
('ch41869045Y', 2, 1800, 'marrón', '1'),
('ch41921552G', 3, 1600, 'negro', '4'),
('ch42009520C', 3, 1600, 'gris', '5'),
('ch42011062K', 1, 1800, 'azul', '2'),
('ch42133143H', 3, 1000, 'verde', '1'),
('ch42446002P', 1, 1400, 'negro', '1'),
('ch42450079Z', 3, 1800, 'gris', '6'),
('ch42455869P', 1, 1600, 'naranja', '2'),
('ch42524730F', 1, 1000, 'marrón', '6'),
('ch42731032E', 1, 1400, 'naranja', '4'),
('ch42847257M', 2, 1000, 'verde', '6'),
('ch42880768M', 4, 1600, 'marrón', '4'),
('ch42911321Z', 1, 2000, 'negro', '3'),
('ch42932738H', 3, 2000, 'negro', '3'),
('ch43117741D', 3, 2000, 'naranja', '5'),
('ch43215497S', 2, 1600, 'verde', '6'),
('ch43323166K', 4, 1600, 'naranja', '4'),
('ch43401503C', 4, 2000, 'gris', '6'),
('ch43578658Y', 3, 1400, 'azul', '2'),
('ch43703021P', 1, 1000, 'gris', '4'),
('ch43710088Z', 2, 2000, 'gris', '1'),
('ch43718799P', 4, 1400, 'verde', '4'),
('ch43807850A', 1, 2000, 'azul', '1'),
('ch43836017H', 1, 1600, 'naranja', '6'),
('ch43842426X', 3, 1800, 'naranja', '5'),
('ch43885799M', 3, 2000, 'naranja', '2'),
('ch43926080J', 2, 1400, 'negro', '5'),
('ch44028146M', 1, 2000, 'naranja', '1'),
('ch44046388P', 2, 1400, 'gris', '5'),
('ch44115281Q', 3, 1000, 'marrón', '1'),
('ch44315308N', 2, 2000, 'verde', '4'),
('ch44343726W', 4, 1800, 'azul', '3'),
('ch44651059D', 1, 1600, 'naranja', '2'),
('ch44794625D', 4, 2000, 'verde', '3'),
('ch44931359P', 4, 1400, 'naranja', '5'),
('ch44964397H', 2, 1400, 'verde', '2'),
('ch45067945C', 3, 1600, 'gris', '4'),
('ch45366158S', 1, 1000, 'negro', '3'),
('ch45500288D', 2, 2000, 'verde', '2'),
('ch45692486L', 4, 1000, 'gris', '3'),
('ch45708011L', 2, 1400, 'verde', '6'),
('ch45889653F', 2, 2000, 'marrón', '2'),
('ch45983368C', 3, 1800, 'azul', '5'),
('ch45999666B', 1, 1400, 'gris', '3'),
('ch46043740V', 3, 1800, 'gris', '2'),
('ch46227572X', 4, 1600, 'gris', '6'),
('ch46238990C', 3, 1600, 'marrón', '1'),
('ch46292170R', 2, 1800, 'verde', '2'),
('ch46376101M', 4, 1600, 'marrón', '4'),
('ch46510727N', 1, 1600, 'negro', '2'),
('ch46881822W', 2, 1800, 'negro', '6'),
('ch46889030B', 3, 2000, 'gris', '2'),
('ch46965312W', 1, 2000, 'negro', '5'),
('ch47318079H', 1, 2000, 'gris', '2'),
('ch47373421E', 1, 1800, 'gris', '5'),
('ch47409123M', 2, 1600, 'naranja', '4'),
('ch47660790Y', 2, 2000, 'gris', '4'),
('ch47879757J', 1, 1600, 'naranja', '1'),
('ch47968243H', 4, 1800, 'naranja', '3'),
('ch48090832V', 1, 2000, 'verde', '4'),
('ch48094888W', 4, 2000, 'marrón', '1'),
('ch48203210V', 1, 2000, 'negro', '3'),
('ch48208323R', 4, 2000, 'naranja', '1'),
('ch48215787J', 1, 1000, 'gris', '4'),
('ch48251437J', 4, 2000, 'negro', '4'),
('ch48267879X', 1, 1600, 'marrón', '4'),
('ch48290686R', 2, 1600, 'naranja', '3'),
('ch48333814G', 4, 2000, 'azul', '5'),
('ch48669864R', 3, 1000, 'marrón', '3'),
('ch48775087E', 2, 2000, 'verde', '3'),
('ch49070376Z', 2, 1400, 'marrón', '5'),
('ch49155767Y', 2, 1400, 'negro', '4'),
('ch49163837A', 1, 2000, 'gris', '3'),
('ch49224968T', 4, 2000, 'verde', '2'),
('ch49257580K', 1, 2000, 'gris', '5'),
('ch49297220D', 3, 2000, 'marrón', '5'),
('ch49314500Q', 3, 1400, 'negro', '1'),
('ch49559993F', 4, 1400, 'negro', '5'),
('ch49865293M', 3, 1400, 'azul', '5'),
('ch49912908X', 2, 1400, 'marrón', '1'),
('ch50004501V', 2, 1400, 'marrón', '2'),
('ch50114559C', 2, 1400, 'verde', '2'),
('ch50279162N', 2, 1400, 'verde', '2'),
('ch50284270Z', 1, 1800, 'gris', '3'),
('ch50330039J', 3, 1400, 'marrón', '4'),
('ch50474768A', 1, 2000, 'gris', '6'),
('ch50609175K', 3, 1800, 'marrón', '3'),
('ch50718064M', 3, 1400, 'verde', '4'),
('ch50732971P', 3, 1000, 'gris', '6'),
('ch50795644Y', 3, 1600, 'azul', '6'),
('ch50886270N', 4, 1600, 'azul', '3'),
('ch50907483L', 2, 2000, 'marrón', '6'),
('ch50993658J', 4, 2000, 'verde', '1'),
('ch51318100V', 1, 1000, 'naranja', '5'),
('ch51354132P', 4, 1600, 'azul', '5'),
('ch51417497P', 4, 2000, 'negro', '1'),
('ch51519803X', 1, 1000, 'verde', '4'),
('ch51543370W', 2, 1800, 'azul', '4'),
('ch51639995G', 4, 1600, 'negro', '2'),
('ch51654118M', 2, 1800, 'azul', '3'),
('ch51798107Z', 1, 2000, 'naranja', '2'),
('ch51819284P', 1, 1800, 'verde', '2'),
('ch51851028N', 1, 1600, 'gris', '3'),
('ch51941479G', 1, 2000, 'negro', '6'),
('ch52135942W', 4, 2000, 'naranja', '2'),
('ch52181832F', 1, 1600, 'verde', '4'),
('ch52219739X', 2, 2000, 'azul', '4'),
('ch52313781M', 1, 1600, 'negro', '2'),
('ch52362459S', 4, 1000, 'verde', '2'),
('ch52373089L', 1, 1800, 'negro', '5'),
('ch52484166Y', 2, 2000, 'marrón', '3'),
('ch52722791Y', 4, 1800, 'azul', '3'),
('ch52881942C', 4, 2000, 'naranja', '1'),
('ch52995184X', 4, 2000, 'negro', '4'),
('ch53124402Z', 2, 1800, 'verde', '4'),
('ch53290554Z', 3, 1600, 'marrón', '5'),
('ch53408933N', 2, 2000, 'gris', '3'),
('ch53480205F', 1, 1400, 'negro', '6'),
('ch53606440H', 3, 1000, 'naranja', '4'),
('ch53626851M', 4, 1400, 'azul', '2'),
('ch53684231T', 2, 2000, 'verde', '6'),
('ch53814045W', 3, 1000, 'gris', '5'),
('ch53890699C', 2, 2000, 'marrón', '4'),
('ch54029666K', 1, 2000, 'naranja', '4'),
('ch54206682Y', 3, 2000, 'gris', '6'),
('ch54211476Q', 4, 2000, 'marrón', '2'),
('ch54302672V', 4, 2000, 'naranja', '3'),
('ch54308918F', 4, 1000, 'marrón', '1'),
('ch54410141F', 3, 1400, 'gris', '4'),
('ch54484591Y', 4, 2000, 'negro', '6'),
('ch54523807F', 4, 1800, 'negro', '1'),
('ch54671462W', 4, 1600, 'gris', '4'),
('ch54696555W', 3, 1000, 'azul', '3'),
('ch54713944A', 1, 1400, 'azul', '4'),
('ch54738716G', 1, 1600, 'gris', '2'),
('ch55019630L', 4, 2000, 'azul', '4'),
('ch55134514H', 3, 1600, 'naranja', '3'),
('ch55210058F', 3, 1000, 'negro', '3'),
('ch55334608N', 2, 1000, 'marrón', '1'),
('ch55376835B', 3, 2000, 'azul', '3'),
('ch55392932P', 2, 1400, 'naranja', '1'),
('ch55565978W', 3, 1800, 'azul', '2'),
('ch55595403X', 3, 1600, 'azul', '3'),
('ch55614446D', 2, 1400, 'azul', '2'),
('ch55685749N', 2, 1400, 'naranja', '5'),
('ch55705740Q', 2, 2000, 'naranja', '1'),
('ch55757048B', 2, 1600, 'azul', '6'),
('ch55866790C', 1, 2000, 'negro', '4'),
('ch55870534S', 3, 1400, 'naranja', '3'),
('ch56186037G', 4, 1400, 'marrón', '6'),
('ch56195758L', 2, 1600, 'gris', '2'),
('ch56221848G', 4, 1600, 'negro', '5'),
('ch56272974R', 1, 1000, 'azul', '4'),
('ch56331888N', 4, 2000, 'negro', '6'),
('ch56409422J', 1, 1000, 'gris', '6'),
('ch56798890E', 4, 1600, 'verde', '3'),
('ch56927395A', 3, 1000, 'marrón', '5'),
('ch56956734V', 3, 1000, 'azul', '4'),
('ch56957179W', 1, 1600, 'negro', '3'),
('ch57202586E', 1, 2000, 'azul', '2'),
('ch57204891G', 1, 1800, 'negro', '5'),
('ch57271496R', 2, 1600, 'gris', '2'),
('ch57303191W', 4, 1000, 'negro', '3'),
('ch57468601L', 4, 2000, 'azul', '2'),
('ch57475914H', 2, 1800, 'marrón', '3'),
('ch57485450D', 1, 1800, 'gris', '6'),
('ch57581452D', 3, 2000, 'gris', '3'),
('ch57597657E', 3, 1600, 'naranja', '6'),
('ch57644347E', 3, 1600, 'negro', '3'),
('ch57705829W', 3, 2000, 'marrón', '2'),
('ch57846705A', 4, 2000, 'verde', '4'),
('ch58014263Y', 2, 1800, 'naranja', '3'),
('ch58075931B', 1, 1600, 'gris', '4'),
('ch58113961E', 4, 2000, 'marrón', '3'),
('ch58134786D', 1, 1400, 'azul', '3'),
('ch58312030S', 2, 2000, 'negro', '3'),
('ch58339338E', 2, 2000, 'marrón', '6'),
('ch58427913R', 2, 2000, 'negro', '1'),
('ch58651717S', 2, 1800, 'gris', '3'),
('ch58722872P', 2, 1000, 'negro', '3'),
('ch58787157P', 4, 1800, 'naranja', '6'),
('ch58813162T', 2, 1400, 'naranja', '6'),
('ch58859012B', 1, 2000, 'negro', '3'),
('ch58968685C', 3, 1800, 'verde', '4'),
('ch58973907K', 4, 1400, 'verde', '3'),
('ch59003507C', 4, 1400, 'negro', '2'),
('ch59096582Z', 2, 2000, 'negro', '1'),
('ch59204290J', 2, 1000, 'azul', '2'),
('ch59257458M', 3, 1000, 'verde', '1'),
('ch59257668P', 1, 2000, 'negro', '3'),
('ch59269817J', 1, 1000, 'verde', '4'),
('ch59353247E', 4, 1600, 'negro', '2'),
('ch59406273X', 1, 2000, 'verde', '1'),
('ch59465019Z', 1, 2000, 'naranja', '6'),
('ch59486183H', 4, 1400, 'marrón', '4'),
('ch59497161W', 1, 1800, 'verde', '5'),
('ch59571730M', 3, 2000, 'negro', '1'),
('ch59621870M', 1, 2000, 'naranja', '3'),
('ch59644495K', 4, 1000, 'naranja', '2'),
('ch59733514F', 2, 1800, 'gris', '6'),
('ch59746676J', 3, 2000, 'azul', '3'),
('ch59764154B', 3, 2000, 'azul', '5'),
('ch59806276C', 3, 1000, 'marrón', '6'),
('ch59809032Q', 2, 2000, 'marrón', '3'),
('ch59873667K', 2, 1400, 'naranja', '2'),
('ch60026418Y', 3, 1000, 'negro', '6'),
('ch60065543P', 1, 1600, 'negro', '3'),
('ch60204970D', 4, 2000, 'azul', '4'),
('ch60233385L', 4, 1000, 'azul', '4'),
('ch60246520K', 2, 2000, 'gris', '3'),
('ch60380052S', 3, 1000, 'negro', '4'),
('ch60457287Q', 3, 1600, 'naranja', '3'),
('ch60461340K', 2, 2000, 'verde', '3'),
('ch60491347J', 1, 1000, 'negro', '5'),
('ch60559755L', 3, 1600, 'marrón', '5'),
('ch60751242P', 2, 1800, 'verde', '3'),
('ch60799027E', 2, 2000, 'gris', '2'),
('ch60852903D', 1, 1800, 'verde', '5'),
('ch60867701H', 2, 1400, 'gris', '6'),
('ch60891466R', 2, 2000, 'verde', '5'),
('ch60955601N', 2, 1800, 'naranja', '2'),
('ch60971874R', 2, 1800, 'marrón', '3'),
('ch61032318R', 1, 2000, 'verde', '3'),
('ch61119879R', 1, 1600, 'marrón', '6'),
('ch61262800T', 2, 2000, 'azul', '5'),
('ch61395888X', 1, 1000, 'azul', '4'),
('ch61753210G', 3, 1800, 'verde', '3'),
('ch61777794R', 4, 1000, 'marrón', '6'),
('ch62064557T', 3, 1800, 'marrón', '3'),
('ch62132210X', 3, 1800, 'gris', '4'),
('ch62478120T', 3, 2000, 'azul', '6'),
('ch62604397F', 3, 1800, 'azul', '3'),
('ch62653248Y', 3, 1400, 'azul', '3'),
('ch62691373C', 3, 2000, 'negro', '6'),
('ch62821789A', 1, 1800, 'marrón', '4'),
('ch62822202W', 2, 1000, 'gris', '6'),
('ch62857791X', 1, 1600, 'verde', '6'),
('ch62947225C', 4, 2000, 'marrón', '4'),
('ch63174290Y', 3, 1600, 'gris', '6'),
('ch63309377Z', 1, 1000, 'marrón', '2'),
('ch63440846S', 4, 1400, 'negro', '2'),
('ch63562962R', 1, 2000, 'negro', '1'),
('ch63747058M', 1, 1800, 'naranja', '5'),
('ch63781382J', 2, 1600, 'azul', '5'),
('ch63812041J', 1, 1400, 'gris', '4'),
('ch63914745E', 2, 1400, 'verde', '2'),
('ch63921905Y', 1, 1400, 'gris', '3'),
('ch64118635V', 3, 2000, 'gris', '4'),
('ch64123540T', 1, 1800, 'negro', '3'),
('ch64141370M', 2, 1400, 'verde', '6'),
('ch64350578M', 2, 1800, 'azul', '6'),
('ch64369562Z', 3, 1600, 'gris', '1'),
('ch64413701Q', 3, 1800, 'verde', '5'),
('ch64586936S', 4, 1400, 'naranja', '6'),
('ch64638126F', 2, 1000, 'azul', '1'),
('ch64767662F', 3, 2000, 'naranja', '2'),
('ch64796803F', 2, 1400, 'verde', '3'),
('ch64919688A', 2, 1800, 'gris', '6'),
('ch64929594L', 4, 2000, 'naranja', '6'),
('ch65147203W', 4, 1600, 'marrón', '3'),
('ch65190901T', 2, 1600, 'marrón', '5'),
('ch65193199K', 3, 2000, 'azul', '3'),
('ch65228674F', 3, 1800, 'negro', '5'),
('ch65274951P', 2, 2000, 'negro', '3'),
('ch65286000V', 1, 1800, 'naranja', '2'),
('ch65422451D', 1, 1000, 'verde', '2'),
('ch65619703J', 2, 1800, 'naranja', '6'),
('ch65654044S', 2, 2000, 'gris', '3'),
('ch65730820V', 1, 2000, 'gris', '2'),
('ch65854542E', 2, 2000, 'negro', '4'),
('ch65948116D', 2, 1000, 'verde', '4'),
('ch66018212R', 1, 1400, 'marrón', '1'),
('ch66058638Q', 4, 2000, 'marrón', '2'),
('ch66138373X', 4, 2000, 'marrón', '2'),
('ch66155455A', 1, 2000, 'marrón', '6'),
('ch66197011K', 3, 1000, 'negro', '2'),
('ch66231569X', 2, 1000, 'gris', '6'),
('ch66354239K', 3, 1800, 'azul', '5'),
('ch66494829N', 4, 2000, 'naranja', '4'),
('ch66725913S', 2, 1600, 'naranja', '1'),
('ch66733745G', 1, 2000, 'verde', '3'),
('ch66758575V', 2, 2000, 'verde', '3'),
('ch66932116T', 3, 1800, 'negro', '6'),
('ch66943230M', 2, 2000, 'gris', '5'),
('ch67013795Y', 4, 2000, 'negro', '4'),
('ch67105706D', 1, 2000, 'marrón', '6'),
('ch67129837J', 4, 2000, 'azul', '6'),
('ch67151083F', 3, 2000, 'negro', '5'),
('ch67199557C', 4, 1400, 'verde', '4'),
('ch67261093P', 1, 2000, 'gris', '1'),
('ch67323503L', 4, 2000, 'azul', '6'),
('ch67533654L', 4, 1000, 'verde', '3'),
('ch67576225V', 3, 2000, 'azul', '3'),
('ch67599274C', 2, 1600, 'negro', '2'),
('ch67656728C', 1, 1000, 'verde', '1'),
('ch67660231G', 4, 1600, 'azul', '4'),
('ch67683297R', 2, 2000, 'naranja', '4'),
('ch68150030H', 2, 1400, 'gris', '6'),
('ch68206334H', 4, 2000, 'azul', '3'),
('ch68315468V', 1, 2000, 'naranja', '6'),
('ch68321187D', 1, 1000, 'gris', '4'),
('ch68398557F', 3, 1400, 'azul', '1'),
('ch68414150Y', 3, 2000, 'verde', '4'),
('ch68535338F', 3, 2000, 'marrón', '4'),
('ch68558388B', 1, 2000, 'azul', '4'),
('ch68570610C', 3, 1800, 'marrón', '2'),
('ch68611885X', 1, 1800, 'marrón', '2'),
('ch68669251Z', 3, 2000, 'gris', '3'),
('ch68755379F', 4, 1800, 'gris', '1'),
('ch68764791N', 1, 1800, 'naranja', '6'),
('ch68799536G', 2, 1400, 'gris', '4'),
('ch68825061E', 1, 1800, 'naranja', '5'),
('ch68849134Z', 3, 1400, 'azul', '3'),
('ch68866126D', 3, 2000, 'verde', '2'),
('ch68969162M', 1, 1800, 'verde', '1'),
('ch68986642M', 4, 1000, 'azul', '5'),
('ch69043397L', 2, 1800, 'marrón', '4'),
('ch69045436B', 1, 1800, 'gris', '3'),
('ch69094763A', 4, 1600, 'azul', '6'),
('ch69136043K', 2, 1000, 'marrón', '3'),
('ch69162299B', 1, 1800, 'verde', '2'),
('ch69182199Q', 3, 1000, 'verde', '6'),
('ch69334234K', 2, 1000, 'naranja', '1'),
('ch69510505C', 4, 1800, 'gris', '1'),
('ch69519070Y', 3, 1800, 'negro', '4'),
('ch69544971D', 2, 1800, 'gris', '3'),
('ch69728170J', 3, 2000, 'gris', '5'),
('ch69917977R', 3, 2000, 'negro', '2'),
('ch69977767Z', 4, 2000, 'marrón', '5'),
('ch70111341G', 3, 2000, 'negro', '3'),
('ch70215224L', 2, 2000, 'naranja', '2'),
('ch70361157V', 2, 2000, 'negro', '2'),
('ch70367604R', 1, 2000, 'verde', '1'),
('ch70407409Q', 2, 1800, 'gris', '2'),
('ch70410903Z', 3, 2000, 'azul', '6'),
('ch70437494V', 1, 2000, 'verde', '2'),
('ch70539676X', 4, 2000, 'marrón', '5'),
('ch70634320D', 2, 2000, 'naranja', '5'),
('ch70864946Z', 4, 1000, 'azul', '1'),
('ch70909695M', 3, 1800, 'negro', '6'),
('ch70923213E', 3, 1400, 'marrón', '4'),
('ch71158133C', 3, 1600, 'gris', '1'),
('ch71409155C', 3, 1600, 'gris', '2'),
('ch71510316G', 2, 2000, 'gris', '6'),
('ch71568288Q', 1, 1000, 'azul', '6'),
('ch71674159H', 1, 2000, 'marrón', '4'),
('ch71715554J', 2, 1600, 'naranja', '1'),
('ch71859114F', 4, 2000, 'negro', '6'),
('ch71891777X', 1, 1400, 'verde', '1'),
('ch71941910A', 1, 1000, 'gris', '3'),
('ch72088603W', 3, 1000, 'negro', '2'),
('ch72168261B', 4, 1400, 'gris', '4'),
('ch72184098R', 2, 1400, 'azul', '6'),
('ch72274203S', 1, 1800, 'marrón', '5'),
('ch72307429Y', 1, 2000, 'azul', '2'),
('ch72311841W', 4, 1400, 'negro', '6'),
('ch72372868X', 4, 1800, 'azul', '6'),
('ch72396086K', 2, 1000, 'naranja', '5'),
('ch72897557T', 3, 1600, 'naranja', '5'),
('ch73161087L', 4, 2000, 'azul', '1'),
('ch73433846K', 1, 1600, 'verde', '2'),
('ch73449697W', 4, 1400, 'verde', '5'),
('ch73543235E', 1, 1400, 'verde', '2'),
('ch73544697N', 2, 1000, 'naranja', '2'),
('ch73621672Y', 1, 2000, 'naranja', '2'),
('ch73771675A', 3, 1800, 'gris', '4'),
('ch73818522E', 3, 1400, 'verde', '4'),
('ch73866037L', 3, 2000, 'naranja', '1'),
('ch73913757Z', 1, 1000, 'verde', '2'),
('ch74082169C', 4, 2000, 'azul', '3'),
('ch74096077J', 4, 2000, 'verde', '1'),
('ch74180523A', 3, 2000, 'marrón', '6'),
('ch74553768G', 2, 2000, 'verde', '5'),
('ch74669870W', 3, 2000, 'naranja', '5'),
('ch74823340Q', 4, 1600, 'naranja', '4'),
('ch74846261Y', 3, 1800, 'marrón', '1'),
('ch74918221E', 1, 1400, 'azul', '3'),
('ch75021248D', 4, 2000, 'marrón', '1'),
('ch75146140B', 1, 1000, 'azul', '1'),
('ch75247341N', 3, 1600, 'verde', '1'),
('ch75275062H', 3, 2000, 'verde', '4'),
('ch75313759Y', 3, 1800, 'marrón', '3'),
('ch75434396P', 1, 2000, 'verde', '5'),
('ch75517747F', 2, 1400, 'gris', '1'),
('ch75625856Q', 1, 2000, 'marrón', '4'),
('ch75716443Y', 4, 2000, 'azul', '5'),
('ch76008252Z', 1, 2000, 'negro', '3'),
('ch76153479L', 3, 2000, 'verde', '5'),
('ch76729804X', 2, 1600, 'azul', '5'),
('ch76761562M', 3, 1800, 'marrón', '1'),
('ch76816930N', 3, 1000, 'azul', '1'),
('ch76841092R', 2, 1400, 'azul', '4'),
('ch76883553G', 2, 2000, 'azul', '3'),
('ch77158049H', 4, 1400, 'negro', '6'),
('ch77181349L', 1, 1600, 'verde', '2'),
('ch77260724K', 2, 2000, 'gris', '1'),
('ch77284885D', 4, 1600, 'gris', '5'),
('ch77361885M', 4, 2000, 'negro', '1'),
('ch77454040E', 4, 1400, 'gris', '4'),
('ch77557845M', 3, 1600, 'naranja', '2'),
('ch77617633Q', 2, 1600, 'verde', '1'),
('ch77703160Y', 2, 2000, 'gris', '4'),
('ch77902864R', 1, 1000, 'marrón', '3'),
('ch77907064S', 2, 1000, 'negro', '5'),
('ch77920868L', 1, 2000, 'verde', '5'),
('ch77965608R', 3, 1000, 'naranja', '3'),
('ch78039423D', 1, 1800, 'verde', '6'),
('ch78176817R', 1, 1600, 'azul', '5'),
('ch78202594H', 1, 1800, 'negro', '4'),
('ch78249330H', 4, 1800, 'marrón', '2'),
('ch78321805C', 3, 1000, 'gris', '5'),
('ch78673168N', 4, 2000, 'naranja', '1'),
('ch78685164W', 3, 1600, 'naranja', '2'),
('ch78769459W', 3, 1600, 'negro', '5'),
('ch78811483M', 1, 2000, 'verde', '1'),
('ch78834452C', 4, 2000, 'naranja', '4'),
('ch78869401D', 3, 1000, 'negro', '5'),
('ch78974477K', 4, 1800, 'verde', '1'),
('ch79056773T', 4, 1800, 'verde', '6'),
('ch79180295N', 2, 2000, 'negro', '3'),
('ch79193594V', 1, 1800, 'verde', '5'),
('ch79224681P', 1, 1600, 'azul', '1'),
('ch79512378K', 4, 2000, 'verde', '2'),
('ch79617200D', 1, 2000, 'marrón', '3'),
('ch79764635Z', 2, 1000, 'azul', '2'),
('ch79820471Y', 2, 1000, 'gris', '5'),
('ch79856070R', 1, 2000, 'negro', '5'),
('ch80102224D', 3, 1800, 'naranja', '3'),
('ch80311359M', 3, 1000, 'verde', '6'),
('ch80430748R', 4, 1400, 'azul', '4'),
('ch80484183F', 1, 2000, 'naranja', '4'),
('ch80523287B', 3, 1400, 'naranja', '6'),
('ch80583076T', 4, 1800, 'negro', '1'),
('ch80595118J', 2, 2000, 'verde', '3'),
('ch80639178M', 1, 1000, 'negro', '1'),
('ch80776246Q', 1, 1800, 'marrón', '3'),
('ch80822587N', 1, 1600, 'naranja', '5'),
('ch80872587X', 1, 1600, 'naranja', '4'),
('ch81109481G', 3, 1600, 'azul', '1'),
('ch81220275F', 3, 1000, 'negro', '5'),
('ch81226034Q', 4, 1000, 'negro', '2'),
('ch81340484H', 3, 2000, 'negro', '2'),
('ch81688372P', 1, 1600, 'negro', '3'),
('ch81725833W', 4, 1000, 'naranja', '5'),
('ch81800318J', 2, 1400, 'verde', '3'),
('ch81840802V', 4, 1600, 'gris', '6'),
('ch81997733L', 4, 2000, 'verde', '1'),
('ch82080394H', 1, 1600, 'naranja', '6'),
('ch82328173H', 3, 2000, 'naranja', '6'),
('ch82380159R', 4, 1800, 'negro', '1'),
('ch82402251J', 4, 1800, 'naranja', '2'),
('ch82522401B', 1, 2000, 'marrón', '6'),
('ch82531783D', 4, 2000, 'gris', '5'),
('ch82763244K', 1, 1400, 'negro', '2'),
('ch82776216K', 2, 2000, 'negro', '4'),
('ch82839249B', 2, 1000, 'negro', '1'),
('ch82908842Y', 3, 1000, 'marrón', '6'),
('ch82976003F', 2, 2000, 'negro', '5'),
('ch83041790Z', 3, 1000, 'negro', '4'),
('ch83187400B', 4, 1800, 'azul', '5'),
('ch83248112A', 3, 2000, 'negro', '6'),
('ch83259440S', 4, 1400, 'azul', '3'),
('ch83424039A', 1, 1600, 'marrón', '6'),
('ch83467420Y', 4, 1000, 'azul', '3'),
('ch83516177A', 4, 2000, 'naranja', '6'),
('ch83531240R', 4, 1400, 'naranja', '4'),
('ch83728669K', 4, 1800, 'negro', '5'),
('ch83749183L', 1, 1000, 'azul', '1'),
('ch83751901T', 3, 1800, 'negro', '1'),
('ch83804179E', 4, 2000, 'negro', '2'),
('ch83839625W', 1, 1800, 'naranja', '5'),
('ch83898631J', 1, 1400, 'azul', '3'),
('ch84178328F', 1, 2000, 'negro', '3'),
('ch84186572V', 1, 1600, 'gris', '6'),
('ch84259776N', 4, 1400, 'negro', '1'),
('ch84301609P', 2, 1800, 'azul', '5'),
('ch84411900Z', 4, 1000, 'naranja', '2'),
('ch84412950Y', 1, 2000, 'gris', '4'),
('ch84574207X', 4, 1800, 'azul', '6'),
('ch84602746Y', 3, 1400, 'naranja', '5'),
('ch84613597R', 1, 2000, 'gris', '6'),
('ch84726274R', 1, 2000, 'gris', '1'),
('ch84759104X', 1, 1800, 'azul', '2'),
('ch84948486X', 3, 1800, 'gris', '1'),
('ch85119830G', 2, 1000, 'marrón', '2'),
('ch85160912P', 1, 1400, 'marrón', '2'),
('ch85236278A', 1, 2000, 'negro', '6'),
('ch85306655T', 3, 1800, 'marrón', '5'),
('ch85343491J', 3, 2000, 'marrón', '5'),
('ch85375169C', 2, 1000, 'azul', '4'),
('ch85432163C', 2, 2000, 'azul', '1'),
('ch85458946P', 4, 2000, 'negro', '2'),
('ch85757365W', 2, 1600, 'gris', '1'),
('ch85767004G', 1, 1600, 'negro', '5'),
('ch85973906K', 1, 2000, 'marrón', '5'),
('ch86486741W', 3, 1800, 'negro', '6'),
('ch86573461N', 4, 1800, 'verde', '2'),
('ch86575538L', 1, 1600, 'verde', '3'),
('ch86671807X', 4, 1400, 'marrón', '5'),
('ch86875835M', 4, 2000, 'gris', '4'),
('ch86964190V', 1, 2000, 'negro', '2'),
('ch86994820B', 2, 2000, 'azul', '6'),
('ch87040333F', 1, 1600, 'negro', '4'),
('ch87044357Y', 2, 2000, 'marrón', '3'),
('ch87046391Q', 3, 2000, 'gris', '4'),
('ch87054654E', 2, 2000, 'verde', '3'),
('ch87063924T', 1, 2000, 'azul', '5'),
('ch87126493D', 3, 2000, 'marrón', '6'),
('ch87189024A', 3, 1800, 'verde', '3'),
('ch87291197X', 1, 2000, 'negro', '1'),
('ch87334635R', 3, 1000, 'azul', '1'),
('ch87468274X', 1, 2000, 'azul', '3'),
('ch87502271J', 2, 1400, 'negro', '5'),
('ch87540198J', 2, 1000, 'marrón', '4'),
('ch87785553G', 3, 1000, 'azul', '6'),
('ch87865007Q', 2, 2000, 'negro', '5'),
('ch87938609H', 3, 1800, 'negro', '1'),
('ch87965512B', 3, 1800, 'gris', '4'),
('ch88028971J', 3, 2000, 'marrón', '6'),
('ch88042174Z', 4, 2000, 'naranja', '1'),
('ch88068887R', 4, 1400, 'marrón', '6'),
('ch88795175H', 3, 2000, 'verde', '3'),
('ch89176540C', 4, 2000, 'verde', '3'),
('ch89286769X', 1, 1000, 'negro', '6'),
('ch89373253Z', 3, 1400, 'marrón', '3'),
('ch89386999Y', 3, 2000, 'verde', '6'),
('ch89400035R', 3, 1000, 'negro', '3'),
('ch89457515G', 2, 1600, 'negro', '5'),
('ch89591552C', 1, 2000, 'verde', '3'),
('ch89607777F', 3, 1800, 'naranja', '3'),
('ch89820849F', 4, 2000, 'azul', '2'),
('ch89834667W', 1, 2000, 'verde', '5'),
('ch89905125B', 3, 1800, 'verde', '4'),
('ch90103963Z', 4, 1800, 'azul', '4'),
('ch90130236K', 2, 1800, 'marrón', '2'),
('ch90140536V', 3, 2000, 'negro', '2'),
('ch90307961W', 2, 1800, 'azul', '5'),
('ch90415566J', 3, 2000, 'marrón', '5'),
('ch90452376T', 4, 1400, 'marrón', '4'),
('ch90531512Q', 2, 1600, 'azul', '1'),
('ch90547833F', 3, 2000, 'azul', '5'),
('ch90602158Y', 2, 1800, 'verde', '6'),
('ch90656687W', 3, 1000, 'naranja', '2'),
('ch90677408T', 1, 1600, 'negro', '1'),
('ch90736054L', 2, 1400, 'gris', '2'),
('ch90789732S', 1, 2000, 'verde', '6'),
('ch90916136B', 3, 2000, 'marrón', '6'),
('ch91044058F', 1, 1600, 'gris', '1'),
('ch91047076N', 1, 2000, 'negro', '4'),
('ch91064267E', 2, 1000, 'verde', '1'),
('ch91091089A', 3, 1600, 'naranja', '1'),
('ch91108517C', 4, 1600, 'verde', '3'),
('ch91122044T', 2, 1400, 'azul', '5'),
('ch91150374V', 4, 1400, 'naranja', '1'),
('ch91210737M', 3, 1800, 'negro', '2'),
('ch91224710V', 1, 1800, 'verde', '2'),
('ch91269064G', 3, 2000, 'gris', '2'),
('ch91351022J', 4, 1000, 'verde', '4'),
('ch91380285C', 2, 1600, 'gris', '6'),
('ch91468149R', 4, 1000, 'verde', '5'),
('ch91624815Z', 3, 1000, 'verde', '4'),
('ch91676045T', 1, 2000, 'negro', '6'),
('ch91859894X', 2, 1600, 'azul', '1'),
('ch91867215V', 1, 1800, 'verde', '1'),
('ch91895358P', 2, 2000, 'gris', '5'),
('ch91933699P', 3, 1000, 'negro', '1'),
('ch91937473X', 3, 1400, 'naranja', '3'),
('ch92239408R', 1, 1000, 'naranja', '5'),
('ch92325694Z', 3, 2000, 'azul', '3'),
('ch92344166V', 3, 1000, 'azul', '4'),
('ch92389546H', 3, 1400, 'negro', '1'),
('ch92510178S', 2, 1600, 'marrón', '1'),
('ch92543743T', 1, 1800, 'marrón', '5'),
('ch92601727R', 3, 2000, 'verde', '2'),
('ch92673283G', 1, 1600, 'negro', '6'),
('ch92726459G', 1, 1600, 'marrón', '3'),
('ch92771044S', 2, 1600, 'marrón', '2'),
('ch92807758K', 1, 2000, 'verde', '4'),
('ch92850306L', 1, 1800, 'marrón', '6'),
('ch92922527C', 1, 2000, 'marrón', '3'),
('ch92974869Z', 4, 2000, 'gris', '2'),
('ch92980722W', 1, 1400, 'naranja', '5'),
('ch93032769T', 1, 1000, 'verde', '6'),
('ch93045851H', 1, 2000, 'negro', '6'),
('ch93110453J', 1, 1800, 'naranja', '3'),
('ch93136809B', 2, 1600, 'negro', '4'),
('ch93175581M', 1, 1800, 'negro', '2'),
('ch93184973J', 2, 1000, 'verde', '4'),
('ch93196622R', 1, 1000, 'marrón', '6'),
('ch93548950S', 1, 1800, 'gris', '3'),
('ch93561682M', 2, 1600, 'gris', '6'),
('ch93570287P', 4, 2000, 'verde', '3'),
('ch93705054H', 3, 1800, 'negro', '4'),
('ch93785253Q', 2, 1400, 'marrón', '2'),
('ch93818922J', 1, 1600, 'naranja', '5'),
('ch93854900L', 4, 2000, 'naranja', '5'),
('ch93989446S', 4, 1800, 'negro', '6'),
('ch94101506L', 1, 1000, 'verde', '5'),
('ch94386833P', 2, 1800, 'negro', '2'),
('ch94802568H', 1, 1800, 'azul', '2'),
('ch94986151S', 2, 2000, 'gris', '1'),
('ch94988210G', 2, 2000, 'azul', '1'),
('ch95116863H', 1, 2000, 'azul', '1'),
('ch95335549C', 2, 1600, 'azul', '2'),
('ch95345837G', 4, 1000, 'marrón', '3'),
('ch95396681H', 1, 1000, 'marrón', '4'),
('ch95480324X', 4, 1800, 'negro', '3'),
('ch95554510K', 3, 2000, 'azul', '2'),
('ch95579712S', 4, 1400, 'azul', '2'),
('ch95692784L', 4, 1400, 'azul', '4'),
('ch95728989E', 2, 1000, 'azul', '4'),
('ch95820830R', 3, 1600, 'azul', '5'),
('ch95889083J', 2, 1400, 'marrón', '5'),
('ch95969205A', 4, 2000, 'azul', '4'),
('ch96103739X', 3, 1400, 'negro', '4'),
('ch96127081F', 1, 1400, 'naranja', '3'),
('ch96191254X', 1, 2000, 'gris', '5'),
('ch96295989A', 1, 1000, 'negro', '1'),
('ch96328541X', 1, 1000, 'verde', '5'),
('ch96409093Q', 3, 1000, 'gris', '1'),
('ch96426747Y', 4, 2000, 'negro', '3'),
('ch96443969R', 3, 1400, 'naranja', '5'),
('ch96453206S', 4, 1000, 'marrón', '3'),
('ch96482720C', 2, 2000, 'marrón', '2'),
('ch96498174H', 2, 2000, 'marrón', '3'),
('ch96521136A', 3, 2000, 'naranja', '6'),
('ch96606416E', 2, 2000, 'negro', '3'),
('ch96760282H', 2, 2000, 'naranja', '4'),
('ch96801722N', 2, 1000, 'verde', '2'),
('ch96827377E', 4, 2000, 'gris', '4'),
('ch96863070L', 4, 1000, 'naranja', '2'),
('ch97093310Y', 3, 2000, 'gris', '4'),
('ch97108110V', 3, 1000, 'azul', '1'),
('ch97122660P', 2, 2000, 'verde', '5'),
('ch97205353Q', 1, 1400, 'azul', '4'),
('ch97249556J', 4, 2000, 'naranja', '1'),
('ch97372637K', 3, 2000, 'gris', '4'),
('ch97401535P', 3, 1400, 'azul', '1'),
('ch97422300G', 3, 2000, 'negro', '6'),
('ch97484065Z', 3, 1600, 'azul', '5'),
('ch97540925H', 4, 1600, 'azul', '6'),
('ch97546143S', 2, 1400, 'gris', '5'),
('ch97611292M', 4, 2000, 'gris', '2'),
('ch97643985S', 1, 2000, 'gris', '4'),
('ch97703304V', 3, 2000, 'marrón', '5'),
('ch97889968J', 1, 2000, 'azul', '5'),
('ch98024774Q', 1, 1600, 'azul', '1'),
('ch98052915M', 2, 2000, 'verde', '6'),
('ch98243148M', 3, 1600, 'marrón', '1'),
('ch98347814K', 4, 1000, 'naranja', '1'),
('ch98392462A', 2, 1400, 'naranja', '3'),
('ch98853715Z', 3, 2000, 'gris', '6'),
('ch98929840D', 2, 1400, 'azul', '2'),
('ch99045755G', 1, 1400, 'azul', '4'),
('ch99094578K', 2, 1600, 'verde', '1'),
('ch99112870M', 1, 2000, 'azul', '3'),
('ch99230085N', 1, 1400, 'verde', '6'),
('ch99367238Q', 2, 1000, 'negro', '2'),
('ch99406897T', 2, 2000, 'azul', '6'),
('ch99417370P', 3, 1600, 'naranja', '5'),
('ch99429682S', 2, 1400, 'azul', '2'),
('ch99450699X', 3, 1600, 'marrón', '5'),
('ch99581609G', 3, 2000, 'naranja', '3'),
('ch99613851T', 3, 1400, 'verde', '6'),
('ch99698149A', 2, 1400, 'verde', '4'),
('ch99810591K', 1, 2000, 'azul', '2'),
('ch99937925G', 3, 1000, 'naranja', '1');

-- --------------------------------------------------------

--
-- Estructura de tabla para la tabla `cliente`
--

CREATE TABLE `cliente` (
  `id_cliente` int(12) NOT NULL,
  `id_persona` varchar(255) NOT NULL,
  `profesion` varchar(255) NOT NULL
) ENGINE=InnoDB DEFAULT CHARSET=utf8mb4;

--
-- Volcado de datos para la tabla `cliente`
--

INSERT INTO `cliente` (`id_cliente`, `id_persona`, `profesion`) VALUES
(1, '00000025W', 'Contador'),
(2, '00000205K', 'Sociólogo'),
(3, '00000445P', 'Economista'),
(4, '00000599R', 'Administrador'),
(5, '00001361G', 'Ingeniero'),
(6, '00001406A', 'Administrador'),
(7, '00001505X', 'Enfermero'),
(8, '00001782B', 'Contador'),
(9, '00001786S', 'Abogado'),
(10, '00002014J', 'Arquitecto'),
(11, '00002295H', 'Sociólogo'),
(12, '00002551K', 'Sociólogo'),
(13, '00002599T', 'Contador'),
(14, '00002658J', 'Abogado'),
(15, '00003334E', 'Ingeniero'),
(16, '00003445H', 'Abogado'),
(17, '00003478M', 'Profesor'),
(18, '00003624J', 'Ingeniero'),
(19, '00003953C', 'Profesor'),
(20, '00004394R', 'Administrador'),
(21, '00004554T', 'Sociólogo'),
(22, '00005136F', 'Economista'),
(23, '00005285H', 'Sociólogo'),
(24, '00005378L', 'Economista'),
(25, '00005764Z', 'Arquitecto'),
(26, '00006196D', 'Ingeniero'),
(27, '00006225S', 'Sociólogo'),
(28, '00006426D', 'Economista'),
(29, '00006617Q', 'Economista'),
(30, '00006771D', 'Economista'),
(31, '00006910X', 'Abogado'),
(32, '00007102H', 'Arquitecto'),
(33, '00007477W', 'Contador'),
(34, '00007548G', 'Economista'),
(35, '00007649J', 'Economista'),
(36, '00007820T', 'Sociólogo'),
(37, '00008089Q', 'Administrador'),
(38, '00008127P', 'Profesor'),
(39, '00008217Y', 'Administrador'),
(40, '00008261G', 'Economista'),
(41, '00008556T', 'Sociólogo'),
(42, '00008612X', 'Ingeniero'),
(43, '00009030Z', 'Profesor'),
(44, '00009661R', 'Profesor'),
(45, '00010041J', 'Profesor'),
(46, '00010064J', 'Economista'),
(47, '00010258T', 'Sociólogo'),
(48, '00010289P', 'Arquitecto'),
(49, '00010540Y', 'Ingeniero'),
(50, '00010694E', 'Ingeniero'),
(51, '00010763E', 'Administrador'),
(52, '00010834R', 'Ingeniero'),
(53, '00010895Q', 'Contador'),
(54, '00011220L', 'Contador'),
(55, '00011257X', 'Profesor'),
(56, '00011620M', 'Arquitecto'),
(57, '00011963A', 'Arquitecto'),
(58, '00011966Y', 'Ingeniero'),
(59, '00012104Y', 'Administrador'),
(60, '00012409N', 'Arquitecto'),
(61, '00013209F', 'Economista'),
(62, '00013242V', 'Sociólogo'),
(63, '00013673B', 'Economista'),
(64, '00014078W', 'Ingeniero'),
(65, '00014220Y', 'Administrador'),
(66, '00014523X', 'Abogado'),
(67, '00014534K', 'Ingeniero'),
(68, '00014625C', 'Abogado'),
(69, '00015129H', 'Ingeniero'),
(70, '00015169N', 'Abogado'),
(71, '00015803W', 'Administrador'),
(72, '00015946F', 'Administrador'),
(73, '00016624H', 'Economista'),
(74, '00016835E', 'Economista'),
(75, '00016847B', 'Profesor'),
(76, '00016964J', 'Sociólogo'),
(77, '00017119F', 'Economista'),
(78, '00017122X', 'Profesor'),
(79, '00017563Z', 'Abogado'),
(80, '00017724Z', 'Sociólogo'),
(81, '00017899M', 'Ingeniero'),
(82, '00018588G', 'Enfermero'),
(83, '00018754D', 'Administrador'),
(84, '00019007D', 'Enfermero'),
(85, '00019836X', 'Abogado'),
(86, '00019858D', 'Contador'),
(87, '00020121L', 'Administrador'),
(88, '00020319X', 'Contador'),
(89, '00021057N', 'Abogado'),
(90, '00021770N', 'Contador'),
(91, '00022324Z', 'Sociólogo'),
(92, '00022591M', 'Contador'),
(93, '00023399P', 'Ingeniero'),
(94, '00023654X', 'Ingeniero'),
(95, '00023802C', 'Ingeniero'),
(96, '00023817N', 'Economista'),
(97, '00023838X', 'Economista'),
(98, '00023893L', 'Profesor'),
(99, '00024221W', 'Ingeniero'),
(100, '00024479F', 'Administrador'),
(101, '00024662Y', 'Enfermero'),
(102, '00024706G', 'Administrador'),
(103, '00024717S', 'Ingeniero'),
(104, '00024899J', 'Profesor'),
(105, '00025026W', 'Abogado'),
(106, '00025239P', 'Enfermero'),
(107, '00025415T', 'Economista'),
(108, '00025517X', 'Abogado'),
(109, '00025636Z', 'Contador'),
(110, '00025684Q', 'Administrador'),
(111, '00025729S', 'Ingeniero'),
(112, '00026497R', 'Enfermero'),
(113, '00026525Y', 'Ingeniero'),
(114, '00026906L', 'Sociólogo'),
(115, '00027272V', 'Enfermero'),
(116, '00027674M', 'Enfermero'),
(117, '00027795B', 'Arquitecto'),
(118, '00027909X', 'Contador'),
(119, '00027913Z', 'Profesor'),
(120, '00028686M', 'Economista'),
(121, '00028830B', 'Profesor'),
(122, '00029151X', 'Abogado'),
(123, '00029153N', 'Ingeniero'),
(124, '00029170Y', 'Administrador'),
(125, '00029257R', 'Abogado'),
(126, '00029389H', 'Administrador'),
(127, '00030848M', 'Ingeniero'),
(128, '00031261G', 'Enfermero'),
(129, '00031390H', 'Enfermero'),
(130, '00032102V', 'Sociólogo'),
(131, '00032740B', 'Profesor'),
(132, '00033400G', 'Sociólogo'),
(133, '00033428D', 'Economista'),
(134, '00033465T', 'Arquitecto'),
(135, '00034032S', 'Economista'),
(136, '00034136G', 'Enfermero'),
(137, '00034356V', 'Administrador'),
(138, '00034513J', 'Contador'),
(139, '00034587H', 'Profesor'),
(140, '00034749L', 'Ingeniero'),
(141, '00035609M', 'Administrador'),
(142, '00035779Z', 'Economista'),
(143, '00036204W', 'Economista'),
(144, '00036217S', 'Ingeniero'),
(145, '00036651N', 'Administrador'),
(146, '00036809D', 'Arquitecto'),
(147, '00036975Z', 'Economista'),
(148, '00037092Q', 'Ingeniero'),
(149, '00037168T', 'Contador'),
(150, '00037473Y', 'Administrador'),
(151, '00037616B', 'Enfermero'),
(152, '00037640N', 'Abogado'),
(153, '00037771M', 'Arquitecto'),
(154, '00038100N', 'Arquitecto'),
(155, '00038197V', 'Enfermero'),
(156, '00038308J', 'Sociólogo'),
(157, '00038501E', 'Profesor'),
(158, '00038682L', 'Profesor'),
(159, '00038715Y', 'Abogado'),
(160, '00039030E', 'Arquitecto'),
(161, '00039364B', 'Ingeniero'),
(162, '00039861W', 'Contador'),
(163, '00040273T', 'Arquitecto'),
(164, '00040735W', 'Profesor'),
(165, '00040793Z', 'Contador'),
(166, '00041421K', 'Ingeniero'),
(167, '00041461S', 'Sociólogo'),
(168, '00041646Q', 'Enfermero'),
(169, '00041682Y', 'Enfermero'),
(170, '00042144P', 'Contador'),
(171, '00042490D', 'Contador'),
(172, '00042629X', 'Contador'),
(173, '00042731C', 'Sociólogo'),
(174, '00042879F', 'Economista'),
(175, '00043440Q', 'Ingeniero'),
(176, '00043589G', 'Economista'),
(177, '00044168P', 'Abogado'),
(178, '00044182E', 'Enfermero'),
(179, '00044399D', 'Economista'),
(180, '00044897R', 'Ingeniero'),
(181, '00045265R', 'Enfermero'),
(182, '00045646Z', 'Contador'),
(183, '00045755P', 'Abogado'),
(184, '00045825D', 'Abogado'),
(185, '00045917D', 'Profesor'),
(186, '00045942B', 'Enfermero'),
(187, '00046511M', 'Administrador'),
(188, '00046624A', 'Contador'),
(189, '00046762A', 'Economista'),
(190, '00047095Z', 'Administrador'),
(191, '00047152W', 'Profesor'),
(192, '00047342P', 'Enfermero'),
(193, '00047381R', 'Arquitecto'),
(194, '00047573D', 'Profesor'),
(195, '00047692J', 'Ingeniero'),
(196, '00047856Q', 'Enfermero'),
(197, '00048802L', 'Contador'),
(198, '00048953D', 'Arquitecto'),
(199, '00049203Y', 'Profesor'),
(200, '00049412P', 'Contador');

-- --------------------------------------------------------

--
-- Estructura de tabla para la tabla `modelo`
--

CREATE TABLE `modelo` (
  `airbag` char(2) NOT NULL,
  `aire_acondicionado` char(2) NOT NULL,
  `pintura metalizada` char(2) NOT NULL,
  `marca` varchar(255) NOT NULL,
  `id_modelo` int(12) NOT NULL
) ENGINE=InnoDB DEFAULT CHARSET=utf8mb4;

--
-- Volcado de datos para la tabla `modelo`
--

INSERT INTO `modelo` (`airbag`, `aire_acondicionado`, `pintura metalizada`, `marca`, `id_modelo`) VALUES
('si', 'si', 'si', 'Bugatti', 1),
('si', 'si', 'si', 'Audi', 2),
('si', 'si', 'si', 'BMW', 3),
('si', 'si', 'si', 'Ferrari', 4),
('no', 'no', 'no', 'chevrolet', 5),
('no', 'no', 'no', 'mazda', 6);

-- --------------------------------------------------------

--
-- Estructura de tabla para la tabla `persona`
--

CREATE TABLE `persona` (
  `id_persona` varchar(255) NOT NULL,
  `nombre_persona` varchar(255) NOT NULL,
  `apellido_persona` varchar(255) NOT NULL,
  `telefono_persona` varchar(255) NOT NULL,
  `direccion` text NOT NULL,
  `fecha_nacimiento` date NOT NULL,
  `genero` varchar(255) NOT NULL,
  `correo` varchar(255) NOT NULL,
  `id` int(11) NOT NULL
) ENGINE=InnoDB DEFAULT CHARSET=utf8mb4;

--
-- Volcado de datos para la tabla `persona`
--

INSERT INTO `persona` (`id_persona`, `nombre_persona`, `apellido_persona`, `telefono_persona`, `direccion`, `fecha_nacimiento`, `genero`, `correo`, `id`) VALUES
('00000025W', 'Joan Lola', 'Ochoa', '602-17-6790', 'Passeig Salma, 86, 7º D, 19403, Ortega del Vallès', '1987-12-20', 'femenino', 'mtorres@hotmail.es', 1),
('00000205K', 'Ian Jon', 'Meléndez', '602265253', 'Plaza Jaimes, 16, Ático 8º, 80514, Serra de Ulla', '1975-12-10', 'masculino', 'manuela82@yahoo.es', 2),
('00000445P', 'Alejandro Andrés', 'Barrios', '+34 931-357191', 'Carrer Diego, 514, 7º F, 94826, Reynoso de Ulla', '1970-04-28', 'masculino', 'aortiz@gmail.com', 3),
('00000599R', 'Héctor Erik', 'Gámez', '+34 621 77 4518', 'Plaza Porras, 7, 83º 8º, 02881, As Zamudio', '1986-08-16', 'masculino', 'yaiza20@terra.com', 4),
('00001361G', 'Yago Cristian', 'Núñez', '694-67-0351', 'Carrer Castro, 45, 84º E, 59118, Gonzáles del Mirador', '1993-11-11', 'masculino', 'carlos.loya@live.com', 5),
('00001406A', 'Adam José Antonio', 'Acuña', '681-505257', 'Plaza Francisco, 925, 8º 4º, 15049, Los Lomeli del Pozo', '1982-06-01', 'masculino', 'rcadena@hotmail.com', 6),
('00001505X', 'Elsa Lara', 'Menchaca', '969 130918', 'Plaza Lira, 396, Bajos, 98095, Cobo de las Torres', '1978-11-15', 'femenino', 'nerea.valladares@terra.com', 7),
('00001782B', 'Gabriela Malak', 'Chacón', '988741205', 'Praza Carmen, 5, Bajos, 38086, La Castellanos Alta', '1990-10-26', 'femenino', 'ignacio.griego@hispavista.com', 8),
('00001786S', 'Andrés Joel', 'Rivero', '+34 950-228438', 'Rúa Roybal, 0, Entre suelo 6º, 80016, Los Galarza', '1994-01-14', 'masculino', 'alba.verduzco@hotmail.es', 9),
('00002014J', 'Naia Erika', 'Abrego', '+34 926-556728', 'Calle Roberto, 21, 4º B, 19733, El León de Arriba', '1983-03-11', 'femenino', 'salma29@latinmail.com', 10),
('00002295H', 'Joan Laia', 'Ojeda', '+34 933 84 5188', 'Ronda Yago, 63, 5º F, 41471, O Griego', '1978-08-18', 'femenino', 'saldana.elena@hotmail.es', 11),
('00002551K', 'Martina Aitana', 'Armendáriz', '970 95 5017', 'Carrer Pereira, 59, Entre suelo 0º, 00298, Vall Castañeda de las Torres', '1983-01-06', 'femenino', 'rosa.mateo@terra.com', 12),
('00002599T', 'Jorge Héctor', 'Roque', '908-07-8391', 'Carrer Enríquez, 6, 8º 4º, 38431, El Anaya Medio', '1972-05-25', 'masculino', 'trejo.adriana@hotmail.com', 13),
('00002658J', 'Ana Sandra', 'Lara', '640 74 3683', 'Rúa Pau, 5, 3º A, 81699, Vall Gaona del Puerto', '1990-03-12', 'femenino', 'alba.olivera@gmail.com', 14),
('00003334E', 'Cristian Ángel', 'Santacruz', '+34 942-871027', 'Avenida Calero, 204, 4º A, 37966, Las Frías del Puerto', '1977-07-06', 'masculino', 'tgarrido@terra.com', 15),
('00003445H', 'Africa Vega', 'Gaitán', '+34 678-645017', 'Travesía Ander, 774, 71º F, 75653, Los Morales', '1990-09-18', 'femenino', 'gael.sierra@gmail.com', 16),
('00003478M', 'Yaiza Marta', 'Ríos', '689 482963', 'Passeig Porras, 96, 7º D, 66767, Galán de Arriba', '1990-08-27', 'femenino', 'cristina.benavidez@gmail.com', 17),
('00003624J', 'Nuria Malak', 'Baca', '683-98-6695', 'Plaza Vera, 362, Bajo 0º, 01659, La Moreno de las Torres', '1990-09-20', 'femenino', 'cristian91@hispavista.com', 18),
('00003953C', 'Pol Gerard', 'Raya', '+34 952 885291', 'Ronda Vega, 52, 7º C, 99077, Ballesteros Baja', '1991-01-05', 'masculino', 'silvia90@hotmail.com', 19),
('00004394R', 'Cristian Hugo', 'Saucedo', '995-158966', 'Avinguda Olivia, 0, 2º B, 50253, Ocasio de Ulla', '1993-08-12', 'masculino', 'rsanchez@yahoo.com', 20),
('00004554T', 'Rodrigo Bruno', 'Andrés', '601 333644', 'Travesía Delgado, 401, 09º E, 81871, Vall Lozada', '1998-03-28', 'masculino', 'velez.saul@yahoo.es', 21),
('00005136F', 'Mario David', 'Varela', '929-920412', 'Praza Carmona, 81, 67º D, 89549, Pineda del Penedès', '1985-08-29', 'masculino', 'bautista.nadia@gmail.com', 22),
('00005285H', 'Leo Antonio', 'Salvador', '930-829864', 'Travesía Miriam, 140, 71º A, 88591, Burgos del Mirador', '1999-03-20', 'masculino', 'andres.orosco@terra.com', 23),
('00005378L', 'Naiara Alicia', 'Pineda', '+34 698-707897', 'Ronda Cristina, 266, 7º E, 76446, La Rodríguez', '1974-03-21', 'femenino', 'mroldan@hispavista.com', 24),
('00005764Z', 'Ainara Zoe', 'Meléndez', '664-794714', 'Travessera Sedillo, 1, 8º A, 41580, Ruiz del Bages', '1978-04-19', 'femenino', 'marcos09@latinmail.com', 25),
('00006196D', 'Salma Natalia', 'Meléndez', '+34 940395223', 'Ronda Jimena, 104, 65º 6º, 34335, El Gámez del Penedès', '1990-11-29', 'femenino', 'lucas.melgar@hispavista.com', 26),
('00006225S', 'Clara Aya', 'Ruiz', '663750038', 'Travessera Roberto, 67, 20º 5º, 98040, Los Abad Baja', '1998-01-27', 'femenino', 'tgarrido@gmail.com', 27),
('00006426D', 'Blanca Nora', 'Lorenzo', '+34 994-152810', 'Avinguda Ordoñez, 280, Bajos, 91883, Velásquez del Pozo', '1989-12-26', 'femenino', 'uleyva@yahoo.es', 28),
('00006617Q', 'Rafael Alonso', 'Urías', '974-44-1810', 'Ronda Marina, 69, 1º, 67583, Villegas de Lemos', '1985-11-28', 'masculino', 'vega.guardado@gmail.com', 29),
('00006771D', 'Sara Marina', 'Cuevas', '+34 979 68 1847', 'Travessera Núñez, 2, Entre suelo 8º, 15542, Granados del Vallès', '1976-06-04', 'femenino', 'stovar@yahoo.es', 30),
('00006910X', 'Álvaro Alejandro', 'Santana', '+34 982-229948', 'Ronda Sosa, 08, Bajos, 06140, Villegas de San Pedro', '1976-12-15', 'masculino', 'olivia86@yahoo.es', 31),
('00007102H', 'Aya Manuela', 'Armendáriz', '661479228', 'Travesía Alma, 370, 29º A, 76003, Las Lucas', '1990-04-21', 'femenino', 'cintron.yago@yahoo.com', 32),
('00007477W', 'Salma Alejandra', 'Oliver', '+34 671 220178', 'Camiño Cisneros, 46, 9º A, 06193, El Loya del Mirador', '1975-07-12', 'femenino', 'yaiza94@terra.com', 33),
('00007548G', 'Joan Paula', 'Ozuna', '+34 642 57 1916', 'Rúa Martina, 4, Bajo 6º, 08659, El Monroy', '1980-02-22', 'femenino', 'jimenez.marcos@hotmail.es', 34),
('00007649J', 'Álvaro Erik', 'Álvarez', '+34 637 276429', 'Paseo Adriana, 2, 1º F, 74614, Maestas de las Torres', '1986-01-18', 'masculino', 'joan45@latinmail.com', 35),
('00007820T', 'Valentina Laura', 'Más', '+34 995-65-0136', 'Travesía Vega, 576, 2º A, 55502, San Linares', '1984-03-14', 'femenino', 'jan.mejia@live.com', 36),
('00008089Q', 'Blanca Candela', 'Sandoval', '620 37 0291', 'Plaça Irizarry, 81, 5º C, 03543, La Zúñiga', '1996-11-29', 'femenino', 'sara.ibarra@hotmail.com', 37),
('00008127P', 'Jimena Adriana', 'Noriega', '688956340', 'Ronda Hernando, 13, 9º D, 32023, Perales de Lemos', '1979-06-11', 'femenino', 'godinez.oriol@live.com', 38),
('00008217Y', 'Aitana Inés', 'Figueroa', '977 10 6653', 'Plaça Sisneros, 88, Entre suelo 1º, 31390, San Polanco del Vallès', '1988-03-14', 'femenino', 'xpichardo@hispavista.com', 39),
('00008261G', 'Mar Rocío', 'Márquez', '+34 644 89 3237', 'Praza Raquel, 44, Bajo 8º, 41912, El Salas', '1976-08-25', 'femenino', 'alonso.aitor@terra.com', 40),
('00008556T', 'Gael Álvaro', 'Hernando', '+34 964 939782', 'Carrer Eva, 31, 5º, 90886, La Roque', '1974-10-17', 'masculino', 'rivera.yaiza@latinmail.com', 41),
('00008612X', 'Nahia Anna', 'Morales', '629-58-5066', 'Travessera Salma, 648, Bajo 5º, 69431, El Rangel del Barco', '1980-02-02', 'femenino', 'yarias@gmail.com', 42),
('00009030Z', 'Julia Leire', 'Armenta', '931-26-2456', 'Travessera Jimínez, 16, 05º 5º, 73327, Los Gutiérrez', '1980-02-29', 'femenino', 'jaime.cristian@latinmail.com', 43),
('00009661R', 'Zoe Ana', 'Marrero', '922658805', 'Camiño Carbajal, 60, 57º B, 65149, Vila de Ulla', '1986-08-15', 'femenino', 'equinones@hispavista.com', 44),
('00010041J', 'Nadia Ona', 'Marrero', '+34 936 676193', 'Carrer Izan, 1, 6º D, 42403, La Camarillo de San Pedro', '1991-10-26', 'femenino', 'samuel.montemayor@hotmail.com', 45),
('00010064J', 'Nicolás José Manuel', 'Alcaráz', '+34 911 515246', 'Carrer Ander, 43, 8º B, 60000, Las Magaña de Ulla', '1983-01-29', 'masculino', 'jan09@hispavista.com', 46),
('00010258T', 'Julia Aya', 'Caraballo', '+34 609 59 2609', 'Camiño Quiroz, 0, 76º F, 80192, Delao Baja', '1982-11-30', 'femenino', 'jan.marti@hotmail.com', 47),
('00010289P', 'Miriam Jimena', 'Gaona', '928-89-2527', 'Camiño Jan, 2, 0º C, 55694, A Alvarado del Pozo', '1984-04-04', 'femenino', 'laia.marti@gmail.com', 48),
('00010540Y', 'Enrique Miguel Ángel', 'Treviño', '+34 662-205674', 'Travesía Miriam, 76, 4º A, 28555, Vargas de Arriba', '1998-09-24', 'masculino', 'pdelafuente@hispavista.com', 49),
('00010694E', 'Blanca Natalia', 'Alarcón', '+34 938 562040', 'Avenida Luis, 7, 0º A, 53299, Villa Navarro Alta', '1978-08-20', 'femenino', 'lopez.carlos@hispavista.com', 50),
('00010763E', 'Eduardo Rayan', 'Frías', '+34 935-39-7821', 'Travessera Guillem, 508, Bajos, 94682, Ibáñez del Vallès', '1991-04-30', 'masculino', 'marcos.aina@yahoo.com', 51),
('00010834R', 'Patricia Luna', 'De la Fuente', '946 774257', 'Ronda Mario, 996, Entre suelo 1º, 00627, Os Gimeno del Barco', '1983-12-21', 'femenino', 'vela.maria@live.com', 52),
('00010895Q', 'Eduardo Guillem', 'Pagan', '942 044834', 'Passeig Mercado, 355, 9º B, 02181, Vall Cortés del Barco', '1988-03-19', 'masculino', 'salma.esteve@gmail.com', 53),
('00011220L', 'Ona Pau', 'Gómez', '628550176', 'Travesía Calvillo, 964, Ático 0º, 88409, Barragán Alta', '1995-10-12', 'femenino', 'marco18@latinmail.com', 54),
('00011257X', 'Victoria Manuela', 'Solorio', '653 06 6477', 'Travessera Alcaráz, 0, 89º E, 98850, A Vélez', '1984-11-26', 'femenino', 'cardona.guillem@hispavista.com', 55),
('00011620M', 'Marcos Alberto', 'Mayorga', '937788698', 'Camino Ainara, 822, Bajo 6º, 90990, Los Oliver', '1971-11-09', 'masculino', 'marti.ana@gmail.com', 56),
('00011963A', 'Malak Malak', 'Orosco', '+34 952-842100', 'Ruela Mojica, 9, 62º B, 54792, Ávila del Bages', '1980-03-12', 'femenino', 'cesar.cisneros@terra.com', 57),
('00011966Y', 'Ariadna Ona', 'Limón', '+34 969-51-1020', 'Plaza Carrión, 8, 9º F, 05901, As Olivera', '1975-04-01', 'femenino', 'enrique95@hispavista.com', 58),
('00012104Y', 'Pau Beatriz', 'Delgadillo', '+34 936 98 9786', 'Camiño Joel, 614, Bajo 8º, 02595, Villa Velásquez del Puerto', '1981-04-20', 'femenino', 'diego.santillan@hotmail.com', 59),
('00012409N', 'Eduardo Pedro', 'Mota', '+34 912 349461', 'Carrer Jana, 72, 9º A, 07804, O Gómez de la Sierra', '1990-10-22', 'masculino', 'roman.pablo@hotmail.com', 60),
('00013209F', 'Ona Martí', 'Luevano', '667 98 0345', 'Ronda Alberto, 5, Ático 1º, 86541, As Quiñones', '1976-10-31', 'femenino', 'guillermo67@terra.com', 61),
('00013242V', 'Ainhoa Celia', 'Gastélum', '+34 997-03-1825', 'Rúa Reyes, 198, 6º, 63522, Hidalgo de las Torres', '1985-06-05', 'femenino', 'ines37@yahoo.es', 62),
('00013673B', 'Biel Jorge', 'Villareal', '930-295889', 'Calle Paola, 9, Entre suelo 5º, 00104, A Reynoso del Vallès', '1983-04-22', 'masculino', 'santiago72@gmail.com', 63),
('00014078W', 'Noa Blanca', 'Garica', '630427353', 'Plaça Nil, 91, 75º E, 87301, Villa Irizarry de Ulla', '1971-09-17', 'femenino', 'sofia83@yahoo.es', 64),
('00014220Y', 'José Manuel Jon', 'Valenzuela', '+34 923-596339', 'Avinguda Jasso, 9, 86º E, 40694, Os Cardona de Ulla', '1996-02-17', 'masculino', 'clara92@yahoo.com', 65),
('00014523X', 'José Antonio Alex', 'Godoy', '+34 661-88-7922', 'Travessera Aleix, 1, 9º C, 08603, Chávez de San Pedro', '1980-07-24', 'masculino', 'carlos91@terra.com', 66),
('00014534K', 'Óscar Francisco Javier', 'Garibay', '648-33-0805', 'Passeig Africa, 40, 6º D, 53160, Pichardo Baja', '1984-08-26', 'masculino', 'ivan.valadez@live.com', 67),
('00014625C', 'Clara Aina', 'Luque', '956-196964', 'Rúa Mar, 763, 76º A, 80917, Esteban del Puerto', '1999-01-10', 'femenino', 'norta@hotmail.com', 68),
('00015129H', 'Aroa Noa', 'Caldera', '940-03-3349', 'Avenida Rosas, 5, 0º F, 28302, Arenas de Lemos', '1999-04-12', 'femenino', 'roberto10@yahoo.com', 69),
('00015169N', 'Rodrigo Iván', 'Cazares', '632-46-1450', 'Camiño Esteve, 569, 4º E, 57724, Toledo Medio', '1983-10-10', 'masculino', 'alonso.josemanuel@terra.com', 70),
('00015803W', 'Carolina Patricia', 'Ramos', '+34 937 55 3839', 'Rúa Valenzuela, 72, 1º A, 38345, Ibáñez de San Pedro', '1996-06-04', 'femenino', 'oriol.arguello@hotmail.com', 71),
('00015946F', 'Silvia Clara', 'Flórez', '645-011131', 'Camino Alejandra, 025, Entre suelo 2º, 76141, Vall Valladares', '1997-05-16', 'femenino', 'mar96@terra.com', 72),
('00016624H', 'Eva Lidia', 'Balderas', '692 80 4428', 'Travessera Rubio, 9, Bajo 8º, 87787, As Peláez del Mirador', '1985-12-27', 'femenino', 'hrobles@yahoo.com', 73),
('00016835E', 'Sergio Alberto', 'Izquierdo', '661-99-4086', 'Praza Ballesteros, 93, Entre suelo 4º, 64011, La Andrés del Penedès', '1970-04-01', 'masculino', 'duarte.lola@gmail.com', 74),
('00016847B', 'Alex Francisco', 'Farías', '657-67-6662', 'Ronda Cobo, 266, 47º C, 53440, As Rascón', '1975-07-27', 'masculino', 'carreon.hector@terra.com', 75),
('00016964J', 'Naiara Lucía', 'Cintrón', '646-73-2809', 'Passeig Lara, 123, 0º A, 69511, Nevárez del Pozo', '1986-11-05', 'femenino', 'marta.arenas@yahoo.es', 76),
('00017119F', 'Manuel Marc', 'Mercado', '937 97 1651', 'Camiño Prieto, 363, 2º F, 05762, Las Alejandro', '1998-04-03', 'masculino', 'paula.zelaya@hispavista.com', 77),
('00017122X', 'Mateo Martín', 'Coronado', '+34 903-862825', 'Passeig Lucía, 08, Ático 9º, 23443, Abad Baja', '1986-10-14', 'masculino', 'nyanez@hotmail.com', 78),
('00017563Z', 'Laura Pau', 'Lemus', '+34 936 185675', 'Passeig Nazario, 190, 86º A, 60238, Anaya del Penedès', '1997-10-10', 'femenino', 'sofia30@hotmail.es', 79),
('00017724Z', 'Adriana Aya', 'Cabrera', '905841136', 'Avinguda Castro, 812, 3º F, 05491, Bustos Alta', '1994-11-06', 'femenino', 'zlorente@yahoo.es', 80),
('00017899M', 'Francisco Javier Javier', 'Aguado', '951-333831', 'Travesía Villa, 06, Bajo 5º, 18968, Villa Guerrero', '1994-08-12', 'masculino', 'sarabia.juanjose@yahoo.com', 81),
('00018588G', 'Rafael Gonzalo', 'Salinas', '659082732', 'Rúa Valenzuela, 0, 1º E, 29891, Zúñiga de las Torres', '1989-10-04', 'masculino', 'alex71@terra.com', 82),
('00018754D', 'Carlota Alexia', 'De la Cruz', '+34 663-940732', 'Plaça Arellano, 3, 71º C, 04598, Ordoñez de Lemos', '1970-11-17', 'femenino', 'naiara.rodriquez@gmail.com', 83),
('00019007D', 'Biel Manuel', 'Vigil', '685-322024', 'Carrer Caldera, 5, 1º 5º, 30969, O Gómez', '1983-10-27', 'masculino', 'enrique21@hotmail.com', 84),
('00019836X', 'Diego Isaac', 'Esquibel', '627 65 6650', 'Camino Mara, 7, 4º 1º, 15465, Os Romero de San Pedro', '1989-01-17', 'masculino', 'martos.francisco@hotmail.com', 85),
('00019858D', 'Ian Carlos', 'Cavazos', '+34 993-94-1023', 'Rúa José Antonio, 535, 9º A, 97320, Las Solorio de Lemos', '1977-02-01', 'masculino', 'lerma.elsa@yahoo.es', 86),
('00020121L', 'Roberto Aaron', 'Briones', '+34 690653878', 'Camiño Arenas, 419, 4º F, 12540, O Aguilar de San Pedro', '1982-08-30', 'masculino', 'martos.iria@terra.com', 87),
('00020319X', 'Lara Silvia', 'Collado', '+34 913-24-9711', 'Plaça Otero, 43, Ático 6º, 97271, El Herrera', '1992-04-29', 'femenino', 'estrada.vera@hotmail.com', 88),
('00021057N', 'Alberto Diego', 'Abad', '+34 941 93 5929', 'Camiño Aranda, 4, 3º F, 23429, San Rangel de las Torres', '1976-09-15', 'masculino', 'narce@hotmail.es', 89),
('00021770N', 'Lara Lidia', 'Jaime', '+34 699822171', 'Ronda Guillermo, 454, 92º D, 71550, Los Ávalos de las Torres', '1984-02-03', 'femenino', 'emma13@hispavista.com', 90),
('00022324Z', 'Raquel Aina', 'Arguello', '648243732', 'Camiño Manuela, 1, 1º B, 90051, Villa Toledo', '1981-10-30', 'femenino', 'nino.andres@hotmail.com', 91),
('00022591M', 'Alberto Ángel', 'Vidal', '+34 949 729563', 'Plaça Raquel, 58, 0º D, 77773, El Miguel', '1971-11-03', 'masculino', 'yperalta@terra.com', 92),
('00023399P', 'Asier Héctor', 'Cruz', '+34 608 886772', 'Calle Blázquez, 7, Bajo 2º, 70176, Colunga del Pozo', '1972-04-14', 'masculino', 'eduardo91@hispavista.com', 93),
('00023654X', 'Daniel Adrián', 'Tafoya', '697-09-0097', 'Praza Mar, 0, 16º D, 60799, Los Mendoza del Vallès', '1995-04-21', 'masculino', 'maria.segura@yahoo.com', 94),
('00023802C', 'Ian Mateo', 'Ceja', '+34 931 605902', 'Rúa Blasco, 9, 50º C, 73833, Villa Plaza de San Pedro', '1975-07-02', 'masculino', 'erika.medina@hispavista.com', 95),
('00023817N', 'Fátima Noelia', 'Rolón', '918 146199', 'Camiño Sofía, 5, 2º F, 92512, Os Zapata del Barco', '1988-02-02', 'femenino', 'rivero.santiago@yahoo.es', 96),
('00023838X', 'Saúl Miguel Ángel', 'Rico', '+34 677 21 5163', 'Rúa Vera, 487, 72º E, 60080, A Carrero', '1975-05-23', 'masculino', 'slorenzo@hispavista.com', 97),
('00023893L', 'Erika Helena', 'Peláez', '+34 966-719235', 'Travessera Ruíz, 65, 2º B, 11317, As Tejeda del Vallès', '1988-08-08', 'femenino', 'arredondo.nora@hotmail.es', 98),
('00024221W', 'Fernando Yago', 'Gurule', '+34 945 51 6198', 'Plaça Inés, 76, 6º 7º, 83579, Villa Mora', '1996-01-06', 'masculino', 'nrodriguez@hispavista.com', 99),
('00024479F', 'Vega Carolina', 'Martos', '621-23-9837', 'Praza Jesús, 79, Bajo 3º, 65607, Correa del Puerto', '1971-03-13', 'femenino', 'martinez.marco@yahoo.com', 100),
('00024662Y', 'Diego Francisco Javier', 'Covarrubias', '925-790081', 'Travesía Marc, 5, 4º, 00532, La Santillán', '1990-07-27', 'masculino', 'ismael.jiminez@yahoo.com', 101),
('00024706G', 'Daniel Pol', 'Alcántar', '642-67-9977', 'Rúa Lola, 6, 90º E, 66739, Los Hinojosa de Ulla', '1991-12-12', 'masculino', 'uribe.ander@gmail.com', 102),
('00024717S', 'Candela Blanca', 'Fonseca', '+34 602992696', 'Camiño Victoria, 8, Bajo 2º, 44550, Tafoya del Pozo', '1988-11-04', 'femenino', 'delrio.ian@yahoo.com', 103),
('00024899J', 'Silvia Zoe', 'Limón', '657 40 0043', 'Praza Ainhoa, 38, 3º D, 29103, Robledo de Lemos', '1974-07-13', 'femenino', 'asantacruz@hispavista.com', 104),
('00025026W', 'Víctor Alejandro', 'Zaragoza', '+34 984-779874', 'Paseo Marta, 3, 2º D, 76597, Villa Chacón de Lemos', '1998-01-30', 'masculino', 'aya16@yahoo.es', 105),
('00025239P', 'Africa Rocío', 'Zamora', '903228400', 'Camino Gabriela, 7, Bajo 4º, 44144, Gaitán de Arriba', '1981-03-09', 'femenino', 'mara92@live.com', 106),
('00025415T', 'Claudia Manuela', 'Luque', '+34 692125885', 'Plaza Martí, 19, 4º E, 53954, Delarosa de la Sierra', '1974-08-08', 'femenino', 'rocio05@yahoo.es', 107),
('00025517X', 'Patricia Noa', 'Rosa', '629 05 8372', 'Travessera Lomeli, 1, 1º A, 50728, Os Olivares del Barco', '1998-10-16', 'femenino', 'mas.carolina@hotmail.com', 108),
('00025636Z', 'Gael Enrique', 'Páez', '+34 606-45-2371', 'Camino Lara, 3, 07º A, 53402, A Moral', '1990-12-16', 'masculino', 'eduardo.barroso@yahoo.com', 109),
('00025684Q', 'Salma Joan', 'Alcaráz', '+34 978777549', 'Paseo Mateo, 58, 37º D, 01662, Franco del Bages', '1986-12-28', 'femenino', 'aroa73@latinmail.com', 110),
('00025729S', 'Laura Naiara', 'Saldaña', '662-33-5832', 'Plaça Jorge, 875, 88º F, 24375, La Tórrez del Barco', '1997-06-10', 'femenino', 'cristina79@hotmail.com', 111),
('00026497R', 'Guillem Luis', 'Ojeda', '+34 974 968147', 'Plaça Rayan, 9, Entre suelo 6º, 28002, As Moreno', '1983-07-08', 'masculino', 'diego.cardona@live.com', 112),
('00026525Y', 'Pedro Óscar', 'Sisneros', '630486865', 'Carrer Izan, 1, 13º E, 37204, Las Ruvalcaba', '1987-03-08', 'masculino', 'eduardo20@latinmail.com', 113),
('00026906L', 'Guillem Francisco', 'Nieto', '+34 923 129678', 'Travessera Guillermo, 219, 70º 5º, 67619, El Villagómez Alta', '1997-07-15', 'masculino', 'estrada.enrique@gmail.com', 114),
('00027272V', 'Sara Cristina', 'Parra', '659-23-2911', 'Travessera Mateo, 52, 50º B, 28296, Cortés del Mirador', '1993-03-01', 'femenino', 'eflores@yahoo.es', 115),
('00027674M', 'Africa Nerea', 'Morales', '603-69-7244', 'Ronda Carrasquillo, 020, 13º B, 88954, Jaramillo Baja', '1978-03-28', 'femenino', 'collado.nayara@gmail.com', 116),
('00027795B', 'Laia Nerea', 'Castillo', '+34 909 422475', 'Rúa Montañez, 068, 6º 0º, 63409, A Riera', '1990-12-21', 'femenino', 'oscar.rodriguez@live.com', 117),
('00027909X', 'Mara Zoe', 'Moreno', '685-161489', 'Passeig Suárez, 2, Ático 4º, 78972, Guzmán Baja', '1978-05-13', 'femenino', 'vrobledo@hotmail.com', 118),
('00027913Z', 'Ian Cristian', 'Ramón', '+34 659435298', 'Ronda Valles, 013, 48º D, 06451, O Arroyo de las Torres', '1995-09-30', 'masculino', 'nicolas.fierro@hotmail.es', 119),
('00028686M', 'Jon Marco', 'Olivo', '+34 966-029306', 'Praza Martínez, 14, Ático 2º, 33664, Zelaya del Bages', '1978-10-14', 'masculino', 'ariadna98@latinmail.com', 120),
('00028830B', 'Berta Salma', 'Alanis', '+34 959 222579', 'Calle Quintana, 202, 33º E, 05108, La Ledesma del Mirador', '1999-11-05', 'femenino', 'celia.sepulveda@hispavista.com', 121),
('00029151X', 'Adrián Oliver', 'Romero', '951883300', 'Camino Melgar, 695, 91º D, 06803, El Pichardo', '1990-05-28', 'masculino', 'amaestas@yahoo.com', 122),
('00029153N', 'Nora Miriam', 'Calero', '+34 640-756333', 'Ronda Ignacio, 80, 8º B, 60421, A Rubio del Pozo', '1999-08-17', 'femenino', 'ismael.carrion@live.com', 123),
('00029170Y', 'Rocío Marta', 'Beltrán', '900-658390', 'Carrer Rocha, 81, 9º A, 83263, As Delgadillo Alta', '1998-04-23', 'femenino', 'gonzalo.garay@live.com', 124),
('00029257R', 'Mar Cristina', 'Berríos', '+34 972-81-3356', 'Ronda Páez, 8, 6º E, 55096, Os Gallegos de las Torres', '1975-11-04', 'femenino', 'xpartida@gmail.com', 125),
('00029389H', 'Paula Leire', 'Villa', '669 812529', 'Passeig Lucas, 60, Ático 5º, 74897, O Villareal', '1985-02-21', 'femenino', 'emma54@latinmail.com', 126),
('00030848M', 'Asier Samuel', 'Luis', '963770993', 'Rúa Ros, 791, Bajos, 12839, Robles Baja', '1981-01-11', 'masculino', 'valadez.beatriz@yahoo.com', 127),
('00031261G', 'Daniel Francisco', 'Carranza', '+34 991800965', 'Passeig Pedro, 86, Bajo 1º, 94005, La Navarro del Pozo', '1970-09-17', 'masculino', 'carrasquillo.enrique@terra.com', 128),
('00031390H', 'Jana Alexia', 'Ulibarri', '655-23-6070', 'Plaça Pedro, 8, 7º 5º, 15509, El Gracia del Pozo', '1970-01-10', 'femenino', 'ander.rocha@live.com', 129),
('00032102V', 'Francisco Javier Ismael', 'Rendón', '+34 659-496321', 'Rúa Alicea, 319, Ático 3º, 03977, Os Ruíz de Lemos', '1982-02-17', 'masculino', 'pedraza.biel@latinmail.com', 130),
('00032740B', 'Laia Ainhoa', 'Orta', '971-905646', 'Plaza Abrego, 385, 9º D, 68380, Maestas del Pozo', '1996-05-08', 'femenino', 'vmalave@hispavista.com', 131),
('00033400G', 'Carlota Salma', 'Altamirano', '651 490991', 'Travesía Alma, 044, 07º D, 53364, Malave de Arriba', '1990-06-10', 'femenino', 'zluque@yahoo.es', 132),
('00033428D', 'Miguel Guillem', 'Collazo', '600-30-8172', 'Camiño Griego, 2, 8º C, 26392, Vall Franco del Barco', '1984-12-14', 'masculino', 'mateo.alba@yahoo.es', 133),
('00033465T', 'Patricia Vera', 'Anaya', '+34 648740625', 'Praza Asier, 01, 3º A, 43418, O Mireles', '1972-10-10', 'femenino', 'ines.rascon@hotmail.es', 134),
('00034032S', 'Samuel Andrés', 'Guzmán', '+34 609-12-8669', 'Plaza Delatorre, 854, 3º D, 71884, Los Serra de la Sierra', '1976-11-10', 'masculino', 'rafael.mares@gmail.com', 135),
('00034136G', 'Jordi Fernando', 'Sierra', '+34 615-47-5045', 'Camino Zarate, 1, 1º F, 52457, As Martín', '1981-11-29', 'masculino', 'aitor31@yahoo.es', 136),
('00034356V', 'Diana Julia', 'Laboy', '987 07 7722', 'Paseo Valdivia, 519, 68º 8º, 40186, Gaona del Barco', '1983-11-01', 'femenino', 'luis.mejia@yahoo.es', 137),
('00034513J', 'Valentina Emma', 'Solorzano', '636-56-3426', 'Paseo Raúl, 166, 4º, 35142, Adorno de Arriba', '1984-03-31', 'femenino', 'caguilar@hispavista.com', 138),
('00034587H', 'Aina Aya', 'Mena', '+34 606632473', 'Avinguda Madera, 70, 1º A, 12762, As Olivárez del Penedès', '1998-11-19', 'femenino', 'jaramillo.daniel@yahoo.es', 139),
('00034749L', 'Lidia Mireia', 'Bahena', '985 178629', 'Carrer Iker, 6, 3º E, 07190, Gonzáles del Barco', '1981-08-03', 'femenino', 'zaleman@terra.com', 140),
('00035609M', 'Claudia Valeria', 'Tamez', '+34 946285414', 'Ronda David, 07, Ático 8º, 20871, Vall Salas', '1990-03-03', 'femenino', 'vergara.juan@terra.com', 141),
('00035779Z', 'Raúl Ignacio', 'Galán', '989 704163', 'Calle Valentina, 59, 82º C, 70626, Vall Palomino', '1970-02-23', 'masculino', 'eva.estrada@yahoo.es', 142),
('00036204W', 'Iván Guillermo', 'Marcos', '670-95-6411', 'Rúa Izan, 363, 71º 2º, 39928, O Nájera', '1999-10-18', 'masculino', 'delgadillo.guillermo@gmail.com', 143),
('00036217S', 'Gerard Adam', 'Ontiveros', '+34 672 482530', 'Travessera Bañuelos, 98, 82º 7º, 66742, Vall Madrigal de las Torres', '1995-08-27', 'masculino', 'saul50@hotmail.es', 144),
('00036651N', 'Miguel Mario', 'Alva', '+34 640-581552', 'Calle Isaac, 1, 5º B, 02154, El Zarate', '1993-12-22', 'masculino', 'xmontes@gmail.com', 145),
('00036809D', 'Lucía Mara', 'Báez', '998131978', 'Paseo Francisco, 27, 0º C, 56554, A Gómez Alta', '1987-10-22', 'femenino', 'nmadera@yahoo.com', 146),
('00036975Z', 'Jordi Rayan', 'Morán', '+34 968 07 2643', 'Carrer Eric, 99, 2º F, 76380, Vall Tejada de Ulla', '1970-07-12', 'masculino', 'vuribe@live.com', 147),
('00037092Q', 'Vega Lara', 'Jasso', '681896479', 'Calle Oliver, 01, Entre suelo 0º, 93849, Plaza de Ulla', '1976-09-23', 'femenino', 'oaparicio@yahoo.es', 148),
('00037168T', 'Berta Alicia', 'Sauceda', '+34 601 000150', 'Ronda Lomeli, 63, 2º A, 00307, Carrasquillo del Vallès', '1988-05-23', 'femenino', 'delafuente.carmen@hotmail.com', 149),
('00037473Y', 'Blanca Naia', 'Toledo', '996590309', 'Plaza Andrés, 1, 1º C, 85543, La Molina del Barco', '1990-10-29', 'femenino', 'fatima89@latinmail.com', 150),
('00037616B', 'Ana Aya', 'Mora', '921 83 2176', 'Calle Pons, 259, 77º D, 36309, Vall Olivas', '1987-01-02', 'femenino', 'oscar.gamez@yahoo.com', 151),
('00037640N', 'Leyre Nora', 'Rosales', '+34 618686573', 'Travesía Heredia, 5, Bajos, 30915, La Colunga', '1970-04-05', 'femenino', 'laura.baca@gmail.com', 152),
('00037771M', 'Isaac Manuel', 'Ocasio', '+34 684-304188', 'Camino Ignacio, 586, Bajo 3º, 61536, Salazar de la Sierra', '1996-06-25', 'masculino', 'mmoral@yahoo.es', 153),
('00038100N', 'Gonzalo Aaron', 'Alanis', '628 286141', 'Plaça Murillo, 97, Entre suelo 1º, 12621, San Izquierdo de Lemos', '1983-11-11', 'masculino', 'carvajal.rafael@gmail.com', 154),
('00038197V', 'Salma Sara', 'Cortés', '633-044872', 'Passeig Jorge, 93, 3º C, 45960, Os Castellanos', '1992-01-12', 'femenino', 'lujan.marcos@hotmail.es', 155),
('00038308J', 'Nuria Carmen', 'Casárez', '905-896453', 'Travessera Almanza, 4, 7º, 67567, Arreola de Ulla', '1973-01-09', 'femenino', 'salma69@gmail.com', 156),
('00038501E', 'José Antonio Arnau', 'Silva', '943 129220', 'Avinguda Gil, 267, 2º 2º, 57155, Alonso del Bages', '1978-10-30', 'masculino', 'emadera@yahoo.com', 157),
('00038682L', 'María Ainhoa', 'Alarcón', '999 74 3421', 'Paseo Castro, 95, 0º A, 95609, Alcala Baja', '1978-08-25', 'femenino', 'saul76@gmail.com', 158),
('00038715Y', 'José Antonio Leo', 'Loya', '+34 615 17 7183', 'Carrer Arevalo, 4, Ático 2º, 07693, Ortega del Penedès', '1971-06-14', 'masculino', 'tlazaro@hispavista.com', 159),
('00039030E', 'Mario Mateo', 'Haro', '+34 686 620239', 'Avenida Francisco Javier, 2, 0º A, 38620, Vall Orozco del Penedès', '1988-05-03', 'masculino', 'jmartinez@hotmail.es', 160),
('00039364B', 'Saúl Juan', 'Chávez', '+34 693 225341', 'Travessera Cristian, 2, 1º C, 80392, Alfaro del Bages', '1974-05-10', 'masculino', 'juan87@hotmail.es', 161),
('00039861W', 'Asier Eric', 'Uribe', '934 33 3835', 'Praza Isabel, 583, Entre suelo 8º, 74410, Asensio del Vallès', '1980-04-13', 'masculino', 'ana56@yahoo.es', 162),
('00040273T', 'Jimena Sofía', 'Dávila', '681 660693', 'Plaza Salcedo, 117, Bajos, 83851, Villa Piña Alta', '1971-04-17', 'femenino', 'marcos.palomo@gmail.com', 163),
('00040735W', 'Nil Lara', 'Ponce', '+34 621 92 5471', 'Calle Erik, 67, 97º E, 96836, Villa Jasso de la Sierra', '1979-03-25', 'femenino', 'joseantonio.casarez@terra.com', 164),
('00040793Z', 'Luna Silvia', 'Gastélum', '921-97-1876', 'Calle Enrique, 08, 4º F, 99386, Laboy del Pozo', '1998-12-25', 'femenino', 'fernando.beltran@hispavista.com', 165),
('00041421K', 'Ander César', 'Blanco', '921 69 0479', 'Camiño Arce, 53, 91º F, 84199, San Estévez Baja', '1972-10-15', 'masculino', 'jana.becerra@hotmail.com', 166),
('00041461S', 'Teresa Victoria', 'Escribano', '+34 988-69-8679', 'Calle Aya, 8, 2º D, 41009, La Berríos de las Torres', '1999-11-15', 'femenino', 'linares.fatima@terra.com', 167),
('00041646Q', 'Noa Gabriela', 'Farías', '+34 616-96-7661', 'Passeig Serrano, 5, 3º D, 93648, O Almaráz del Barco', '1993-09-03', 'femenino', 'eva.briseno@yahoo.com', 168),
('00041682Y', 'Erika Aitana', 'Lira', '999-558351', 'Avinguda Ariadna, 5, Bajos, 18792, Zavala de la Sierra', '1995-03-13', 'femenino', 'efigueroa@hotmail.es', 169),
('00042144P', 'Arnau Aitor', 'Roig', '+34 985-046165', 'Plaza Luevano, 60, Bajo 0º, 58268, Villa Martín del Pozo', '1993-02-04', 'masculino', 'hector73@latinmail.com', 170),
('00042490D', 'Patricia Nora', 'Alba', '+34 974324837', 'Plaça Carlos, 77, 7º 0º, 78327, Los Medrano de las Torres', '1971-06-13', 'femenino', 'omar.sanchez@hispavista.com', 171),
('00042629X', 'Miguel Ángel Lucas', 'Arroyo', '+34 923857014', 'Travessera Naiara, 1, 78º B, 64424, Las Caraballo Medio', '1988-09-19', 'masculino', 'bdelatorre@latinmail.com', 172),
('00042731C', 'Carla Marina', 'Santiago', '931-12-0776', 'Travessera Paredes, 6, 44º E, 24019, Llamas de las Torres', '1996-02-25', 'femenino', 'pchavez@yahoo.es', 173),
('00042879F', 'Alonso Héctor', 'Olivo', '691 639090', 'Camiño Peralta, 924, Bajo 3º, 04478, San Sotelo', '1986-10-17', 'masculino', 'pozo.marti@yahoo.com', 174),
('00043440Q', 'Samuel Alonso', 'Sánchez', '+34 902 243872', 'Ruela Montenegro, 419, 0º B, 35645, Las Zúñiga', '1975-08-15', 'masculino', 'frias.gonzalo@gmail.com', 175),
('00043589G', 'Malak Nadia', 'Cuesta', '+34 996 87 3451', 'Ruela Treviño, 8, Entre suelo 7º, 13765, Los Marroquín del Puerto', '1972-09-14', 'femenino', 'marcos50@yahoo.com', 176),
('00044168P', 'Mario Guillermo', 'Caro', '+34 648 64 1420', 'Ronda León, 0, 17º 0º, 77903, Caraballo Alta', '1989-03-14', 'masculino', 'uvaldez@yahoo.com', 177),
('00044182E', 'Andrea Victoria', 'Carretero', '934 81 4410', 'Plaza García, 755, 72º D, 05729, El Puig del Penedès', '1998-07-12', 'femenino', 'archuleta.oscar@gmail.com', 178),
('00044399D', 'Alexia Laia', 'Ordóñez', '979 852392', 'Ronda Guevara, 919, 2º F, 66287, O Ocasio', '1974-05-09', 'femenino', 'paola.parra@terra.com', 179),
('00044897R', 'Victoria Irene', 'Macias', '+34 663 220173', 'Travessera Antonio, 161, 63º B, 26053, O Rodarte del Vallès', '1990-12-01', 'femenino', 'oliver.abreu@gmail.com', 180),
('00045265R', 'Fernando Alonso', 'Loya', '+34 666-78-1168', 'Paseo Mesa, 53, 02º F, 10081, San Mesa Medio', '1977-03-29', 'masculino', 'sara30@yahoo.com', 181),
('00045646Z', 'Yeray Asier', 'Velázquez', '+34 977998982', 'Avenida Ortega, 86, 53º B, 54453, Berríos del Puerto', '1989-03-04', 'masculino', 'eva.toledo@hispavista.com', 182),
('00045755P', 'Martina Nadia', 'Baca', '981 17 1622', 'Paseo Escudero, 96, 8º C, 04962, Os Laboy', '1977-09-26', 'femenino', 'molina.nil@live.com', 183),
('00045825D', 'José Manuel Martín', 'Castellano', '916 579197', 'Avenida Sáenz, 79, Bajos, 36767, Os Anguiano Medio', '1970-12-11', 'masculino', 'zgimenez@gmail.com', 184),
('00045917D', 'Iván José', 'Águilar', '+34 632-40-3635', 'Camiño Granados, 1, Entre suelo 6º, 35201, Rincón del Puerto', '1970-08-15', 'masculino', 'mjuarez@terra.com', 185),
('00045942B', 'Eduardo Eduardo', 'Montalvo', '+34 932739124', 'Travessera Hidalgo, 5, 46º 9º, 80870, Las Caldera', '1979-04-24', 'masculino', 'isabel.anaya@live.com', 186),
('00046511M', 'Carla Yaiza', 'Bueno', '+34 980-60-2072', 'Carrer Salinas, 291, 09º F, 77067, Arredondo de Lemos', '1976-01-25', 'femenino', 'josemanuel.alcantar@terra.com', 187),
('00046624A', 'Alicia Elena', 'Portillo', '924-327724', 'Travesía Alex, 702, Ático 2º, 22101, San Alvarado del Bages', '1989-04-21', 'femenino', 'carlota01@hotmail.com', 188),
('00046762A', 'Helena Fátima', 'Figueroa', '638-48-1994', 'Plaça Casillas, 633, Ático 5º, 68597, As Zambrano del Bages', '1996-04-19', 'femenino', 'jon.arevalo@gmail.com', 189),
('00047095Z', 'Anna Teresa', 'Uribe', '+34 912 70 9246', 'Travesía Yago, 88, 7º D, 92861, Villa Pineda de las Torres', '1982-05-18', 'femenino', 'vmondragon@latinmail.com', 190),
('00047152W', 'Yeray Alex', 'Gonzáles', '620-01-2944', 'Rúa Angela, 816, 8º A, 81660, Oliver Medio', '1994-12-09', 'masculino', 'sancho.naia@yahoo.es', 191),
('00047342P', 'Saúl Alex', 'Mota', '+34 944-44-6726', 'Paseo Bonilla, 099, 9º B, 27114, Os Espinosa de la Sierra', '1981-02-20', 'masculino', 'tsaiz@gmail.com', 192),
('00047381R', 'Laura Carlota', 'Robles', '+34 931-44-0122', 'Passeig Aroa, 496, 6º C, 47679, Benavídez de Lemos', '1990-08-30', 'femenino', 'alicia.perea@terra.com', 193),
('00047573D', 'Noelia Sandra', 'Moya', '664-480308', 'Praza Samaniego, 489, 5º D, 35285, La Preciado', '1993-01-19', 'femenino', 'francisco48@live.com', 194),
('00047692J', 'Carla Teresa', 'Gálvez', '+34 933042038', 'Avinguda Bañuelos, 869, Entre suelo 3º, 26438, Jimínez de San Pedro', '1983-03-30', 'femenino', 'aroa.miguel@hotmail.com', 195),
('00047856Q', 'Alejandra Olivia', 'Girón', '628 817207', 'Camino Vera, 7, 97º C, 51979, Las Acuña', '1979-07-22', 'femenino', 'vfranco@hispavista.com', 196),
('00048802L', 'Vega Pau', 'Castro', '+34 902 334492', 'Carrer Jimena, 88, 05º F, 44954, O Hurtado Alta', '1986-09-04', 'femenino', 'salma.verduzco@hotmail.es', 197),
('00048953D', 'Nerea Lucía', 'Cadena', '987 255364', 'Paseo Alonzo, 946, 7º E, 97345, Rodríquez de Arriba', '1994-02-11', 'femenino', 'ian71@hispavista.com', 198),
('00049203Y', 'Jordi Ismael', 'Montes', '657-115942', 'Praza Abreu, 22, 5º F, 12819, Las Barrera del Bages', '1983-02-08', 'masculino', 'pablo.saavedra@hotmail.es', 199),
('00049412P', 'Jan Oriol', 'Villanueva', '+34 959 71 7705', 'Camiño Rosa, 21, 0º D, 86504, La Patiño de Ulla', '1975-06-12', 'masculino', 'raul.rincon@yahoo.es', 200),
('00041682Y', 'Ona Naiara', 'Valadez', '967-880098', 'Paseo Razo, 513, 2º 9º, 48034, San Cuevas', '1970-07-14', 'femenino', 'yago.arias@latinmail.com', 380465);

-- --------------------------------------------------------

--
-- Estructura de tabla para la tabla `sede`
--

CREATE TABLE `sede` (
  `id_sede` int(12) NOT NULL,
  `direccion` varchar(255) NOT NULL,
  `descripcion` text NOT NULL
) ENGINE=InnoDB DEFAULT CHARSET=utf8mb4;

--
-- Volcado de datos para la tabla `sede`
--

INSERT INTO `sede` (`id_sede`, `direccion`, `descripcion`) VALUES
(1, 'norte', ''),
(2, 'sur', ''),
(3, 'oriente', ''),
(4, 'occidente', '');

-- --------------------------------------------------------

--
-- Estructura de tabla para la tabla `sitio_web`
--

CREATE TABLE `sitio_web` (
  `id_visita` int(12) NOT NULL,
  `id_cliente` int(12) NOT NULL,
  `tiempo_promedio_segundos` int(10) NOT NULL,
  `dispositivo` varchar(255) NOT NULL
) ENGINE=InnoDB DEFAULT CHARSET=utf8mb4;

--
-- Volcado de datos para la tabla `sitio_web`
--

INSERT INTO `sitio_web` (`id_visita`, `id_cliente`, `tiempo_promedio_segundos`, `dispositivo`) VALUES
(11, 54, 2067, 'tablet'),
(12, 168, 466, 'pc'),
(19, 108, 2242, 'portatil'),
(24, 13, 2912, 'pc'),
(25, 89, 1004, 'portatil'),
(37, 154, 1792, 'pc'),
(42, 139, 296, 'pc'),
(44, 101, 1678, 'pc'),
(45, 186, 3088, 'smartphone'),
(48, 30, 2127, 'pc'),
(51, 47, 3318, 'portatil'),
(53, 54, 2765, 'portatil'),
(56, 141, 2408, 'tablet'),
(58, 22, 1383, 'tablet'),
(60, 132, 2765, 'smartphone'),
(61, 30, 1639, 'portatil'),
(70, 70, 2494, 'portatil'),
(71, 58, 2899, 'portatil'),
(72, 181, 1999, 'pc'),
(77, 166, 12, 'smartphone'),
(83, 84, 920, 'portatil'),
(85, 137, 2755, 'smartphone'),
(88, 108, 135, 'smartphone'),
(107, 126, 3564, 'pc'),
(108, 108, 2024, 'pc'),
(109, 75, 580, 'portatil'),
(115, 110, 2828, 'tablet'),
(119, 125, 2902, 'smartphone'),
(120, 49, 574, 'pc'),
(123, 157, 2631, 'tablet'),
(124, 67, 3085, 'portatil'),
(126, 84, 2668, 'portatil'),
(132, 9, 1657, 'pc'),
(137, 78, 552, 'pc'),
(138, 195, 1407, 'tablet'),
(141, 151, 2037, 'portatil'),
(146, 81, 1930, 'smartphone'),
(147, 55, 1680, 'tablet'),
(148, 134, 2126, 'smartphone'),
(163, 55, 2844, 'pc'),
(164, 7, 1595, 'smartphone'),
(167, 126, 994, 'smartphone'),
(174, 66, 2906, 'tablet'),
(180, 44, 1126, 'pc'),
(186, 16, 1175, 'portatil'),
(188, 87, 2344, 'pc'),
(191, 92, 2556, 'smartphone'),
(192, 193, 1791, 'pc'),
(204, 185, 1449, 'pc'),
(206, 199, 3226, 'portatil'),
(207, 40, 1459, 'tablet'),
(212, 26, 3135, 'portatil'),
(217, 21, 2571, 'smartphone'),
(226, 163, 2657, 'tablet'),
(228, 153, 3001, 'smartphone'),
(229, 23, 3371, 'pc'),
(237, 6, 2463, 'smartphone'),
(251, 145, 2661, 'smartphone'),
(253, 114, 1635, 'portatil'),
(262, 65, 2183, 'portatil'),
(269, 102, 55, 'portatil'),
(270, 136, 1787, 'smartphone'),
(272, 150, 3026, 'smartphone'),
(273, 36, 1156, 'tablet'),
(278, 158, 3007, 'smartphone'),
(294, 166, 3184, 'portatil'),
(300, 84, 1314, 'smartphone'),
(305, 137, 2676, 'pc'),
(309, 27, 2446, 'pc'),
(314, 17, 1946, 'smartphone'),
(316, 106, 109, 'tablet'),
(326, 141, 3298, 'pc'),
(329, 85, 3480, 'portatil'),
(338, 168, 1666, 'smartphone'),
(339, 36, 438, 'pc'),
(343, 53, 3169, 'smartphone'),
(349, 152, 617, 'smartphone'),
(351, 85, 167, 'portatil'),
(354, 65, 1918, 'tablet'),
(366, 55, 1472, 'smartphone'),
(384, 113, 3051, 'smartphone'),
(396, 19, 548, 'portatil'),
(399, 102, 991, 'smartphone'),
(404, 168, 716, 'smartphone'),
(405, 199, 3032, 'portatil'),
(406, 56, 3158, 'portatil'),
(419, 103, 1975, 'portatil'),
(428, 1, 3172, 'tablet'),
(438, 189, 2945, 'tablet'),
(441, 52, 2089, 'tablet'),
(443, 32, 1015, 'pc'),
(464, 123, 2489, 'tablet'),
(466, 183, 2853, 'smartphone'),
(469, 19, 3334, 'pc'),
(470, 70, 1498, 'smartphone'),
(478, 9, 2349, 'smartphone'),
(497, 178, 1413, 'smartphone'),
(499, 75, 732, 'tablet'),
(505, 2, 1474, 'tablet'),
(506, 196, 1637, 'smartphone'),
(507, 199, 1673, 'tablet'),
(510, 131, 1086, 'portatil'),
(511, 150, 3243, 'tablet'),
(512, 152, 2194, 'pc'),
(519, 30, 315, 'portatil'),
(530, 178, 2664, 'portatil'),
(534, 135, 2364, 'portatil'),
(536, 42, 3347, 'smartphone'),
(546, 19, 1733, 'smartphone'),
(548, 3, 1278, 'tablet'),
(549, 150, 3117, 'smartphone'),
(555, 35, 2635, 'tablet'),
(559, 67, 505, 'portatil'),
(563, 23, 2318, 'tablet'),
(573, 27, 2214, 'pc'),
(574, 176, 805, 'tablet'),
(580, 198, 2260, 'pc'),
(581, 70, 2484, 'pc'),
(585, 58, 887, 'portatil'),
(586, 48, 628, 'tablet'),
(587, 154, 2528, 'tablet'),
(597, 55, 1418, 'tablet'),
(600, 154, 306, 'tablet'),
(605, 29, 2504, 'portatil'),
(606, 172, 3079, 'tablet'),
(620, 105, 331, 'pc'),
(623, 167, 959, 'pc'),
(624, 72, 2597, 'smartphone'),
(627, 79, 3050, 'tablet'),
(632, 38, 703, 'pc'),
(639, 191, 2507, 'tablet'),
(646, 132, 3166, 'portatil'),
(653, 36, 3217, 'portatil'),
(656, 149, 1861, 'tablet'),
(662, 192, 976, 'smartphone'),
(687, 185, 2665, 'portatil'),
(688, 58, 2341, 'tablet'),
(690, 86, 759, 'tablet'),
(702, 12, 618, 'portatil'),
(709, 159, 2241, 'tablet'),
(718, 63, 1064, 'portatil'),
(720, 183, 1695, 'tablet'),
(723, 197, 1144, 'portatil'),
(729, 94, 475, 'smartphone'),
(737, 66, 2222, 'tablet'),
(738, 16, 1274, 'portatil'),
(741, 6, 335, 'smartphone'),
(743, 164, 906, 'tablet'),
(753, 123, 1984, 'smartphone'),
(757, 54, 759, 'smartphone'),
(758, 154, 1409, 'pc'),
(761, 75, 1234, 'portatil'),
(762, 98, 1447, 'tablet'),
(766, 136, 1905, 'tablet'),
(767, 52, 141, 'smartphone'),
(769, 2, 268, 'tablet'),
(772, 29, 1528, 'portatil'),
(773, 175, 2311, 'portatil'),
(778, 13, 2902, 'smartphone'),
(787, 110, 1344, 'smartphone'),
(803, 50, 3390, 'tablet'),
(804, 28, 2596, 'portatil'),
(807, 157, 487, 'pc'),
(810, 60, 390, 'tablet'),
(815, 110, 2673, 'pc'),
(817, 150, 2491, 'tablet'),
(819, 101, 2977, 'portatil'),
(820, 136, 3068, 'smartphone'),
(822, 174, 2754, 'pc'),
(830, 14, 849, 'pc'),
(836, 92, 2887, 'smartphone'),
(837, 102, 2414, 'pc'),
(842, 179, 2121, 'portatil'),
(847, 186, 1526, 'tablet'),
(851, 161, 3030, 'tablet'),
(853, 22, 2481, 'portatil'),
(871, 13, 2752, 'tablet'),
(873, 86, 743, 'smartphone'),
(874, 153, 797, 'smartphone'),
(875, 112, 2013, 'portatil'),
(877, 20, 1661, 'tablet'),
(882, 141, 103, 'smartphone'),
(883, 46, 1976, 'pc'),
(894, 54, 685, 'tablet'),
(896, 82, 2436, 'smartphone'),
(897, 167, 1125, 'pc'),
(905, 117, 1954, 'pc'),
(910, 45, 1500, 'portatil'),
(912, 26, 1153, 'portatil'),
(915, 108, 1868, 'tablet'),
(919, 171, 251, 'portatil'),
(936, 22, 282, 'pc'),
(943, 183, 2605, 'portatil'),
(955, 128, 1258, 'portatil'),
(964, 145, 1018, 'pc'),
(969, 134, 3115, 'pc'),
(973, 178, 391, 'smartphone'),
(978, 54, 1769, 'tablet'),
(979, 44, 1183, 'smartphone'),
(986, 196, 1583, 'tablet'),
(987, 160, 2458, 'smartphone'),
(988, 97, 300, 'tablet'),
(994, 122, 2606, 'smartphone'),
(995, 159, 2908, 'smartphone'),
(999, 145, 1134, 'smartphone'),
(1003, 12, 478, 'smartphone'),
(1010, 156, 726, 'smartphone'),
(1016, 8, 3061, 'smartphone'),
(1018, 136, 1158, 'tablet'),
(1020, 129, 2885, 'tablet'),
(1033, 23, 2679, 'portatil'),
(1036, 55, 1960, 'pc'),
(1043, 180, 1044, 'portatil'),
(1058, 107, 311, 'smartphone'),
(1088, 72, 2258, 'portatil'),
(1091, 55, 2142, 'pc'),
(1095, 50, 1366, 'portatil'),
(1096, 140, 1679, 'smartphone'),
(1100, 107, 577, 'portatil'),
(1103, 6, 3338, 'pc'),
(1104, 88, 3100, 'portatil'),
(1105, 180, 120, 'tablet'),
(1111, 1, 862, 'pc'),
(1123, 15, 213, 'pc'),
(1130, 134, 35, 'pc'),
(1133, 197, 3432, 'tablet'),
(1135, 26, 1092, 'smartphone'),
(1138, 10, 2478, 'pc'),
(1142, 188, 3248, 'pc'),
(1145, 117, 2758, 'tablet'),
(1146, 9, 2322, 'smartphone'),
(1148, 118, 3346, 'portatil'),
(1151, 13, 461, 'pc'),
(1158, 37, 1981, 'portatil'),
(1169, 59, 2650, 'portatil'),
(1170, 190, 19, 'portatil'),
(1176, 64, 1115, 'portatil'),
(1177, 73, 1324, 'smartphone'),
(1181, 98, 323, 'tablet'),
(1188, 19, 517, 'tablet'),
(1196, 196, 1148, 'pc'),
(1198, 47, 3559, 'tablet'),
(1200, 125, 1215, 'tablet'),
(1201, 125, 3354, 'portatil'),
(1211, 123, 1837, 'tablet'),
(1217, 195, 690, 'tablet'),
(1218, 41, 2592, 'tablet'),
(1219, 183, 3406, 'pc'),
(1220, 121, 616, 'pc'),
(1224, 75, 1620, 'portatil'),
(1225, 82, 224, 'tablet'),
(1235, 155, 3255, 'smartphone'),
(1237, 153, 208, 'smartphone'),
(1242, 136, 2859, 'tablet'),
(1245, 154, 945, 'pc'),
(1248, 184, 2219, 'tablet'),
(1268, 44, 3217, 'portatil'),
(1272, 102, 2210, 'portatil'),
(1292, 76, 2750, 'pc'),
(1300, 198, 3395, 'pc'),
(1308, 182, 2271, 'pc'),
(1309, 119, 189, 'smartphone'),
(1310, 18, 2698, 'tablet'),
(1315, 1, 1938, 'tablet'),
(1317, 111, 3120, 'tablet'),
(1319, 55, 1463, 'portatil'),
(1321, 142, 188, 'smartphone'),
(1328, 150, 124, 'pc'),
(1331, 118, 2455, 'pc'),
(1332, 62, 831, 'portatil'),
(1333, 64, 2927, 'portatil'),
(1346, 68, 3325, 'tablet'),
(1347, 60, 1152, 'portatil'),
(1349, 155, 231, 'pc'),
(1356, 114, 228, 'pc'),
(1357, 62, 1929, 'pc'),
(1358, 158, 552, 'smartphone'),
(1360, 161, 982, 'pc'),
(1367, 104, 2243, 'tablet'),
(1368, 31, 78, 'pc'),
(1372, 82, 104, 'pc'),
(1379, 86, 2327, 'smartphone'),
(1381, 48, 1492, 'pc'),
(1390, 191, 3196, 'smartphone'),
(1393, 199, 2940, 'portatil'),
(1401, 67, 1599, 'portatil'),
(1402, 175, 2902, 'pc'),
(1403, 37, 1021, 'tablet'),
(1404, 183, 358, 'smartphone'),
(1409, 94, 2786, 'tablet'),
(1410, 123, 248, 'pc'),
(1417, 106, 244, 'portatil'),
(1426, 170, 1242, 'pc'),
(1434, 55, 2555, 'pc'),
(1436, 120, 1628, 'portatil'),
(1438, 153, 2131, 'portatil'),
(1441, 116, 1128, 'portatil'),
(1446, 88, 1428, 'portatil'),
(1449, 56, 1839, 'smartphone'),
(1452, 121, 467, 'tablet'),
(1466, 190, 370, 'portatil'),
(1470, 27, 329, 'tablet'),
(1477, 141, 355, 'pc'),
(1480, 159, 1262, 'smartphone'),
(1491, 195, 1246, 'tablet'),
(1492, 52, 2471, 'smartphone'),
(1495, 114, 1104, 'smartphone'),
(1500, 124, 1996, 'pc'),
(1505, 198, 3316, 'smartphone'),
(1508, 43, 3053, 'portatil'),
(1510, 9, 998, 'portatil'),
(1516, 18, 2442, 'portatil'),
(1521, 121, 343, 'pc'),
(1524, 66, 1283, 'portatil'),
(1525, 20, 2027, 'portatil'),
(1532, 67, 2093, 'smartphone'),
(1533, 174, 2495, 'tablet'),
(1536, 191, 1901, 'pc'),
(1538, 198, 2806, 'portatil'),
(1544, 42, 2949, 'smartphone'),
(1553, 35, 27, 'portatil'),
(1555, 21, 106, 'smartphone'),
(1560, 113, 3108, 'tablet'),
(1562, 36, 272, 'pc'),
(1565, 63, 1568, 'smartphone'),
(1567, 108, 681, 'tablet'),
(1594, 94, 825, 'smartphone'),
(1596, 139, 813, 'pc'),
(1597, 54, 468, 'portatil'),
(1598, 5, 727, 'smartphone'),
(1604, 197, 3561, 'pc'),
(1605, 40, 1380, 'tablet'),
(1614, 1, 1326, 'pc'),
(1621, 99, 1200, 'portatil'),
(1623, 9, 1317, 'tablet'),
(1626, 65, 1870, 'portatil'),
(1628, 11, 3038, 'pc'),
(1633, 21, 2573, 'portatil'),
(1640, 12, 135, 'pc'),
(1650, 54, 3421, 'tablet'),
(1651, 153, 2808, 'tablet'),
(1657, 101, 1453, 'tablet'),
(1670, 100, 790, 'smartphone'),
(1689, 82, 873, 'tablet'),
(1693, 116, 3276, 'tablet'),
(1701, 145, 1094, 'smartphone'),
(1703, 116, 3373, 'portatil'),
(1711, 132, 1498, 'tablet'),
(1718, 95, 1238, 'tablet'),
(1720, 42, 755, 'smartphone'),
(1728, 84, 964, 'portatil'),
(1739, 174, 2082, 'pc'),
(1744, 37, 2191, 'tablet'),
(1747, 160, 1160, 'pc'),
(1752, 135, 3304, 'tablet'),
(1754, 120, 1990, 'portatil'),
(1764, 188, 945, 'pc'),
(1766, 133, 2314, 'smartphone'),
(1767, 16, 3449, 'tablet'),
(1769, 189, 3034, 'smartphone'),
(1775, 193, 1546, 'tablet'),
(1781, 116, 60, 'pc'),
(1788, 105, 2186, 'smartphone'),
(1793, 140, 261, 'tablet'),
(1796, 75, 3310, 'smartphone'),
(1797, 3, 3499, 'portatil'),
(1799, 36, 393, 'portatil'),
(1801, 116, 2818, 'tablet'),
(1804, 51, 275, 'portatil'),
(1807, 23, 2474, 'portatil'),
(1808, 135, 48, 'pc'),
(1809, 104, 2944, 'pc'),
(1810, 33, 3166, 'smartphone'),
(1813, 174, 584, 'pc'),
(1815, 68, 335, 'tablet'),
(1826, 46, 2406, 'tablet'),
(1841, 174, 2511, 'tablet'),
(1846, 80, 1071, 'smartphone'),
(1851, 60, 1726, 'pc'),
(1857, 139, 1392, 'smartphone'),
(1860, 54, 1872, 'smartphone'),
(1864, 47, 620, 'portatil'),
(1868, 89, 289, 'portatil'),
(1869, 52, 3271, 'tablet'),
(1875, 75, 919, 'pc'),
(1889, 188, 841, 'portatil'),
(1891, 9, 905, 'tablet'),
(1893, 119, 2592, 'pc'),
(1902, 97, 2412, 'smartphone'),
(1904, 111, 653, 'pc'),
(1907, 45, 2334, 'tablet'),
(1908, 110, 818, 'pc'),
(1910, 72, 34, 'pc'),
(1913, 45, 638, 'smartphone'),
(1917, 143, 3237, 'pc'),
(1926, 87, 1840, 'smartphone'),
(1928, 124, 1801, 'smartphone'),
(1930, 176, 2475, 'pc'),
(1937, 139, 575, 'smartphone'),
(1943, 83, 2764, 'pc'),
(1944, 172, 2301, 'pc'),
(1946, 36, 1783, 'pc'),
(1949, 52, 143, 'pc'),
(1950, 84, 2780, 'smartphone'),
(1957, 90, 643, 'smartphone'),
(1959, 186, 632, 'tablet'),
(1974, 128, 1837, 'pc'),
(1976, 87, 2350, 'pc'),
(1979, 65, 3253, 'portatil'),
(1980, 179, 1730, 'smartphone'),
(1984, 95, 1923, 'portatil'),
(1986, 75, 391, 'pc'),
(1988, 196, 661, 'pc'),
(1995, 151, 740, 'portatil'),
(1999, 117, 3366, 'portatil'),
(2000, 67, 3338, 'smartphone'),
(2013, 42, 839, 'portatil'),
(2024, 91, 3361, 'tablet'),
(2029, 187, 3326, 'portatil'),
(2034, 75, 1811, 'tablet'),
(2036, 62, 659, 'tablet'),
(2041, 75, 1442, 'smartphone'),
(2044, 191, 1116, 'smartphone'),
(2046, 68, 11, 'portatil'),
(2050, 22, 619, 'smartphone'),
(2055, 15, 481, 'portatil'),
(2056, 176, 2963, 'pc'),
(2059, 82, 2276, 'smartphone'),
(2066, 182, 1626, 'portatil'),
(2071, 161, 213, 'smartphone'),
(2075, 122, 2692, 'pc'),
(2078, 115, 135, 'portatil'),
(2093, 52, 3478, 'pc'),
(2096, 190, 2345, 'smartphone'),
(2101, 158, 818, 'pc'),
(2111, 87, 2330, 'pc'),
(2114, 174, 1506, 'pc'),
(2116, 27, 3495, 'smartphone'),
(2119, 179, 420, 'portatil'),
(2125, 141, 2480, 'smartphone'),
(2129, 165, 1698, 'pc'),
(2134, 162, 1512, 'smartphone'),
(2136, 146, 2405, 'smartphone'),
(2142, 110, 908, 'smartphone'),
(2153, 128, 1966, 'pc'),
(2154, 28, 3167, 'portatil'),
(2160, 157, 12, 'tablet'),
(2161, 29, 2780, 'tablet'),
(2168, 96, 1917, 'portatil'),
(2169, 196, 2529, 'tablet'),
(2179, 53, 3195, 'portatil'),
(2185, 194, 2390, 'smartphone'),
(2191, 5, 2640, 'pc'),
(2194, 89, 3439, 'tablet'),
(2196, 132, 1366, 'smartphone'),
(2199, 188, 2861, 'portatil'),
(2211, 89, 3295, 'smartphone'),
(2222, 195, 1782, 'portatil'),
(2223, 86, 2463, 'smartphone'),
(2236, 44, 1129, 'tablet'),
(2247, 129, 3068, 'tablet'),
(2249, 111, 236, 'pc'),
(2251, 44, 2048, 'smartphone'),
(2255, 70, 501, 'smartphone'),
(2258, 147, 913, 'portatil'),
(2260, 5, 2062, 'tablet'),
(2261, 39, 198, 'portatil'),
(2262, 156, 2049, 'pc'),
(2268, 112, 1227, 'portatil'),
(2272, 137, 682, 'smartphone'),
(2273, 40, 2700, 'portatil'),
(2276, 157, 1335, 'portatil'),
(2278, 151, 1253, 'portatil'),
(2279, 47, 974, 'portatil'),
(2280, 17, 1388, 'smartphone'),
(2290, 92, 1071, 'portatil'),
(2292, 28, 2522, 'pc'),
(2295, 167, 235, 'tablet'),
(2297, 29, 1980, 'portatil'),
(2298, 67, 2927, 'smartphone'),
(2299, 147, 222, 'smartphone'),
(2300, 134, 1310, 'portatil'),
(2302, 120, 3319, 'pc'),
(2311, 142, 549, 'portatil'),
(2313, 151, 2748, 'portatil'),
(2320, 122, 654, 'tablet'),
(2324, 190, 637, 'pc'),
(2331, 144, 1938, 'portatil'),
(2334, 21, 3440, 'smartphone'),
(2338, 197, 3413, 'pc'),
(2343, 54, 96, 'pc'),
(2344, 184, 2013, 'pc'),
(2348, 170, 1806, 'smartphone'),
(2350, 152, 1916, 'pc'),
(2351, 156, 670, 'tablet'),
(2352, 129, 3069, 'tablet'),
(2353, 102, 1717, 'pc'),
(2354, 86, 845, 'smartphone'),
(2368, 160, 1782, 'smartphone'),
(2372, 166, 1435, 'portatil'),
(2373, 124, 97, 'smartphone'),
(2378, 49, 879, 'pc'),
(2380, 190, 726, 'tablet'),
(2381, 101, 2794, 'tablet'),
(2382, 32, 1764, 'tablet'),
(2386, 96, 2119, 'portatil'),
(2393, 84, 3335, 'pc'),
(2394, 182, 1145, 'tablet'),
(2397, 136, 2857, 'smartphone'),
(2398, 78, 2057, 'smartphone'),
(2403, 10, 44, 'tablet'),
(2406, 138, 3595, 'smartphone'),
(2411, 115, 521, 'pc'),
(2434, 174, 67, 'portatil'),
(2442, 105, 285, 'pc'),
(2444, 148, 1268, 'pc'),
(2445, 92, 2637, 'pc'),
(2454, 12, 1256, 'tablet'),
(2455, 44, 320, 'portatil'),
(2456, 125, 1947, 'smartphone'),
(2457, 155, 2531, 'tablet'),
(2466, 162, 2883, 'smartphone'),
(2467, 138, 1971, 'tablet'),
(2471, 168, 1667, 'pc'),
(2476, 85, 2340, 'tablet'),
(2480, 157, 3542, 'smartphone'),
(2489, 70, 2425, 'pc'),
(2492, 166, 1533, 'smartphone'),
(2493, 149, 1191, 'smartphone'),
(2496, 138, 833, 'portatil'),
(2499, 18, 3316, 'portatil'),
(2504, 167, 1319, 'pc'),
(2508, 94, 1829, 'tablet'),
(2511, 71, 172, 'portatil'),
(2515, 110, 808, 'smartphone'),
(2518, 24, 2985, 'portatil'),
(2531, 161, 2045, 'smartphone'),
(2533, 140, 632, 'smartphone'),
(2538, 193, 3285, 'tablet'),
(2540, 138, 409, 'portatil'),
(2545, 80, 2706, 'tablet'),
(2555, 151, 2466, 'portatil'),
(2558, 40, 898, 'smartphone'),
(2560, 115, 3007, 'portatil'),
(2567, 33, 1852, 'pc'),
(2570, 167, 2981, 'tablet'),
(2578, 78, 3109, 'tablet'),
(2580, 73, 294, 'portatil'),
(2581, 36, 2492, 'portatil'),
(2583, 65, 643, 'smartphone'),
(2587, 173, 2603, 'tablet'),
(2598, 77, 3379, 'portatil'),
(2599, 197, 1105, 'tablet'),
(2607, 3, 738, 'tablet'),
(2609, 65, 2423, 'pc'),
(2614, 61, 3198, 'smartphone'),
(2620, 133, 956, 'portatil'),
(2629, 186, 2063, 'smartphone'),
(2645, 31, 1271, 'pc'),
(2651, 166, 778, 'tablet'),
(2653, 137, 1202, 'pc'),
(2654, 161, 1722, 'portatil'),
(2656, 36, 2185, 'tablet'),
(2662, 26, 1438, 'tablet'),
(2663, 31, 1895, 'pc'),
(2669, 69, 3168, 'smartphone'),
(2676, 60, 818, 'pc'),
(2677, 98, 1575, 'smartphone'),
(2685, 186, 1211, 'portatil'),
(2696, 29, 2186, 'smartphone'),
(2708, 182, 3111, 'pc'),
(2709, 196, 345, 'smartphone'),
(2712, 45, 98, 'smartphone'),
(2721, 185, 1709, 'pc'),
(2723, 38, 3170, 'smartphone'),
(2724, 167, 3421, 'smartphone'),
(2725, 133, 2928, 'pc'),
(2730, 9, 909, 'smartphone'),
(2732, 115, 1069, 'portatil'),
(2736, 4, 573, 'portatil'),
(2737, 68, 3277, 'pc'),
(2739, 8, 2640, 'tablet'),
(2743, 129, 1730, 'portatil'),
(2748, 190, 227, 'smartphone'),
(2751, 72, 499, 'smartphone'),
(2755, 69, 2800, 'portatil'),
(2762, 123, 1246, 'pc'),
(2764, 31, 890, 'portatil'),
(2766, 63, 2211, 'tablet'),
(2767, 105, 474, 'portatil'),
(2768, 59, 1288, 'pc'),
(2771, 163, 156, 'smartphone'),
(2785, 158, 2426, 'portatil'),
(2792, 73, 3539, 'portatil'),
(2795, 135, 1282, 'portatil'),
(2798, 48, 2200, 'pc'),
(2802, 33, 1501, 'tablet'),
(2806, 71, 653, 'smartphone'),
(2821, 8, 1786, 'pc'),
(2828, 182, 1483, 'tablet'),
(2840, 179, 2446, 'tablet'),
(2841, 110, 3204, 'smartphone'),
(2846, 188, 1596, 'pc'),
(2847, 167, 564, 'tablet'),
(2848, 105, 3496, 'pc'),
(2856, 154, 3083, 'pc'),
(2857, 39, 317, 'smartphone'),
(2863, 86, 780, 'portatil'),
(2865, 153, 1152, 'tablet'),
(2870, 184, 2849, 'portatil'),
(2875, 91, 2570, 'smartphone'),
(2878, 77, 2952, 'tablet'),
(2885, 73, 1923, 'tablet'),
(2887, 115, 1115, 'tablet'),
(2888, 42, 2551, 'portatil'),
(2889, 53, 671, 'pc'),
(2896, 23, 1781, 'pc'),
(2907, 105, 1863, 'smartphone'),
(2909, 98, 390, 'smartphone'),
(2915, 165, 2161, 'pc'),
(2916, 14, 2196, 'tablet'),
(2920, 90, 2683, 'portatil'),
(2921, 82, 3242, 'smartphone'),
(2931, 183, 1558, 'tablet'),
(2932, 49, 2007, 'smartphone'),
(2933, 121, 2151, 'portatil'),
(2934, 172, 524, 'smartphone'),
(2950, 64, 1752, 'portatil'),
(2953, 93, 824, 'smartphone'),
(2959, 195, 1110, 'smartphone'),
(2963, 84, 1679, 'pc'),
(2965, 89, 2706, 'pc'),
(2969, 130, 3046, 'portatil'),
(2970, 129, 1581, 'pc'),
(2971, 89, 2175, 'tablet'),
(2977, 169, 2980, 'tablet'),
(2980, 89, 1676, 'portatil'),
(2981, 80, 267, 'smartphone'),
(2984, 48, 2003, 'smartphone'),
(2987, 108, 2318, 'smartphone'),
(2990, 101, 3495, 'pc'),
(2999, 165, 1110, 'portatil'),
(3006, 188, 820, 'portatil'),
(3017, 79, 3446, 'tablet'),
(3018, 78, 299, 'portatil'),
(3034, 75, 1125, 'pc'),
(3036, 3, 2413, 'smartphone'),
(3040, 162, 2561, 'pc'),
(3044, 95, 1501, 'pc'),
(3054, 130, 2361, 'smartphone'),
(3055, 128, 949, 'smartphone'),
(3060, 200, 3409, 'tablet'),
(3061, 191, 1768, 'smartphone'),
(3070, 172, 1679, 'pc'),
(3071, 34, 2747, 'portatil'),
(3073, 47, 2282, 'smartphone'),
(3082, 30, 746, 'smartphone'),
(3084, 196, 2231, 'tablet'),
(3090, 132, 3589, 'pc'),
(3095, 36, 2742, 'smartphone'),
(3097, 94, 128, 'portatil'),
(3098, 1, 2903, 'pc'),
(3104, 174, 3116, 'smartphone'),
(3109, 44, 2, 'smartphone'),
(3121, 94, 538, 'portatil'),
(3130, 67, 1509, 'smartphone'),
(3141, 132, 682, 'portatil'),
(3146, 107, 1268, 'smartphone'),
(3149, 162, 2851, 'portatil'),
(3167, 186, 912, 'tablet'),
(3173, 188, 3542, 'pc'),
(3188, 65, 2075, 'smartphone'),
(3191, 93, 359, 'portatil'),
(3193, 141, 1586, 'tablet'),
(3197, 28, 479, 'pc'),
(3202, 142, 3081, 'pc'),
(3203, 96, 1512, 'portatil'),
(3206, 62, 1834, 'smartphone'),
(3213, 34, 2551, 'tablet'),
(3224, 81, 2559, 'tablet'),
(3229, 77, 3400, 'portatil'),
(3232, 117, 238, 'tablet'),
(3242, 123, 122, 'smartphone'),
(3245, 71, 3465, 'pc'),
(3258, 77, 2116, 'smartphone'),
(3259, 56, 631, 'pc'),
(3260, 157, 728, 'portatil'),
(3261, 112, 1702, 'pc'),
(3266, 126, 2603, 'pc'),
(3267, 107, 283, 'smartphone'),
(3270, 63, 1527, 'portatil'),
(3274, 82, 515, 'smartphone'),
(3275, 195, 1056, 'portatil'),
(3280, 5, 1851, 'portatil'),
(3285, 151, 861, 'pc'),
(3296, 199, 2073, 'portatil'),
(3305, 44, 580, 'pc'),
(3313, 27, 1319, 'pc'),
(3316, 89, 794, 'smartphone'),
(3319, 136, 3216, 'portatil'),
(3320, 3, 14, 'pc'),
(3321, 10, 309, 'tablet'),
(3330, 115, 3067, 'portatil'),
(3335, 186, 2223, 'pc'),
(3341, 98, 2372, 'pc'),
(3344, 165, 656, 'pc'),
(3353, 155, 169, 'smartphone'),
(3354, 151, 2223, 'portatil'),
(3376, 177, 1136, 'pc'),
(3378, 152, 2248, 'smartphone'),
(3382, 151, 3446, 'pc'),
(3387, 63, 1424, 'pc'),
(3388, 38, 3237, 'tablet'),
(3390, 55, 1786, 'smartphone'),
(3396, 25, 122, 'portatil'),
(3407, 117, 622, 'pc'),
(3416, 10, 1252, 'smartphone'),
(3417, 85, 1150, 'tablet'),
(3418, 61, 3455, 'portatil'),
(3422, 35, 2770, 'smartphone'),
(3425, 10, 1955, 'tablet'),
(3427, 186, 2941, 'tablet'),
(3428, 108, 2328, 'pc'),
(3430, 147, 2002, 'pc'),
(3446, 10, 1046, 'portatil'),
(3452, 147, 3523, 'pc'),
(3460, 138, 2750, 'smartphone'),
(3469, 101, 2683, 'portatil'),
(3473, 33, 719, 'pc'),
(3483, 6, 2199, 'portatil'),
(3485, 22, 1427, 'pc'),
(3491, 183, 2094, 'smartphone'),
(3493, 105, 2568, 'portatil'),
(3496, 163, 3047, 'portatil'),
(3502, 142, 3033, 'tablet'),
(3503, 129, 3147, 'portatil'),
(3508, 16, 2466, 'portatil'),
(3514, 43, 1050, 'tablet'),
(3516, 70, 1145, 'portatil'),
(3520, 89, 2919, 'smartphone'),
(3522, 175, 2298, 'pc'),
(3527, 57, 2320, 'pc'),
(3541, 31, 1641, 'smartphone'),
(3542, 117, 2125, 'pc'),
(3545, 186, 1926, 'portatil'),
(3554, 134, 3486, 'smartphone'),
(3556, 107, 3561, 'portatil'),
(3563, 65, 898, 'portatil'),
(3573, 7, 2067, 'smartphone'),
(3574, 181, 3328, 'pc'),
(3575, 45, 2312, 'portatil'),
(3577, 10, 1169, 'smartphone'),
(3590, 186, 2323, 'tablet'),
(3593, 98, 1909, 'portatil'),
(3594, 188, 2081, 'tablet'),
(3597, 189, 601, 'pc'),
(3609, 31, 2507, 'tablet'),
(3612, 93, 857, 'tablet'),
(3621, 141, 2921, 'smartphone'),
(3626, 48, 2829, 'portatil'),
(3632, 1, 715, 'smartphone'),
(3635, 148, 2495, 'portatil'),
(3640, 189, 941, 'smartphone'),
(3649, 111, 747, 'tablet'),
(3653, 33, 30, 'smartphone'),
(3655, 142, 2661, 'pc'),
(3672, 72, 190, 'tablet'),
(3674, 130, 49, 'smartphone'),
(3675, 200, 1668, 'pc'),
(3679, 82, 2611, 'pc'),
(3699, 39, 1266, 'smartphone'),
(3700, 117, 3444, 'tablet'),
(3703, 193, 1906, 'smartphone'),
(3720, 86, 3296, 'smartphone'),
(3721, 19, 1901, 'tablet'),
(3724, 26, 2087, 'pc'),
(3727, 82, 2057, 'smartphone'),
(3733, 67, 281, 'pc'),
(3736, 150, 3008, 'tablet'),
(3742, 43, 1342, 'pc'),
(3743, 187, 337, 'smartphone'),
(3747, 142, 1447, 'pc'),
(3749, 41, 885, 'smartphone'),
(3751, 167, 1231, 'portatil'),
(3752, 118, 652, 'pc'),
(3754, 87, 2510, 'tablet'),
(3762, 137, 2964, 'smartphone'),
(3769, 40, 2435, 'pc'),
(3770, 132, 2532, 'smartphone'),
(3775, 37, 2727, 'smartphone'),
(3779, 186, 1582, 'smartphone'),
(3780, 31, 2003, 'pc'),
(3789, 174, 2433, 'smartphone'),
(3790, 121, 2128, 'pc'),
(3794, 45, 1381, 'smartphone'),
(3810, 45, 973, 'tablet'),
(3814, 65, 1815, 'pc'),
(3817, 164, 1422, 'tablet'),
(3820, 135, 104, 'tablet'),
(3822, 143, 1147, 'portatil'),
(3825, 155, 3322, 'pc'),
(3829, 71, 3107, 'portatil'),
(3830, 11, 3021, 'portatil'),
(3849, 3, 2163, 'portatil'),
(3850, 69, 1389, 'pc'),
(3881, 18, 1384, 'smartphone'),
(3886, 47, 310, 'tablet'),
(3892, 39, 2931, 'pc'),
(3897, 47, 1568, 'portatil'),
(3900, 34, 2985, 'tablet'),
(3905, 137, 1340, 'pc'),
(3906, 65, 956, 'portatil'),
(3911, 133, 2790, 'tablet'),
(3916, 10, 2235, 'pc'),
(3939, 109, 3487, 'smartphone'),
(3951, 171, 3425, 'portatil'),
(3953, 149, 1198, 'pc'),
(3955, 157, 2927, 'pc'),
(3963, 69, 2922, 'pc'),
(3970, 77, 1636, 'smartphone'),
(3976, 89, 2589, 'pc'),
(3979, 41, 889, 'smartphone'),
(3983, 193, 2168, 'portatil'),
(3984, 169, 2196, 'smartphone'),
(3985, 145, 130, 'tablet'),
(3986, 43, 1318, 'smartphone'),
(3988, 32, 1611, 'tablet'),
(3991, 40, 319, 'smartphone'),
(3998, 97, 41, 'portatil'),
(4002, 159, 1963, 'smartphone'),
(4004, 128, 3091, 'portatil'),
(4015, 48, 1634, 'portatil'),
(4016, 74, 1689, 'portatil'),
(4020, 113, 2371, 'portatil'),
(4022, 129, 2795, 'smartphone'),
(4024, 127, 2856, 'portatil'),
(4027, 166, 2417, 'portatil'),
(4028, 63, 1139, 'portatil'),
(4034, 24, 2553, 'tablet'),
(4035, 123, 3386, 'smartphone'),
(4036, 92, 2285, 'tablet'),
(4048, 168, 3289, 'pc'),
(4051, 196, 3555, 'smartphone'),
(4052, 83, 76, 'portatil'),
(4058, 175, 3303, 'portatil'),
(4061, 16, 805, 'smartphone'),
(4063, 5, 915, 'smartphone'),
(4070, 46, 1984, 'portatil'),
(4072, 62, 3234, 'portatil'),
(4075, 101, 2051, 'smartphone'),
(4079, 101, 2236, 'smartphone'),
(4088, 96, 2581, 'smartphone'),
(4093, 130, 2293, 'smartphone'),
(4095, 139, 333, 'smartphone'),
(4101, 154, 2302, 'portatil'),
(4103, 96, 3468, 'pc'),
(4107, 107, 1447, 'portatil'),
(4112, 76, 1730, 'tablet'),
(4113, 120, 2010, 'pc'),
(4116, 140, 1626, 'tablet'),
(4133, 53, 1956, 'portatil'),
(4148, 45, 744, 'tablet'),
(4156, 50, 2469, 'portatil'),
(4158, 110, 3095, 'pc'),
(4160, 184, 1107, 'tablet'),
(4166, 89, 692, 'portatil'),
(4169, 30, 984, 'pc'),
(4173, 75, 1016, 'portatil'),
(4181, 172, 3416, 'portatil'),
(4185, 184, 2052, 'tablet'),
(4189, 98, 154, 'portatil'),
(4194, 127, 2950, 'smartphone'),
(4195, 141, 2410, 'smartphone'),
(4196, 24, 499, 'smartphone'),
(4202, 57, 2361, 'pc'),
(4203, 137, 1262, 'smartphone'),
(4209, 52, 1035, 'portatil'),
(4219, 177, 2027, 'smartphone'),
(4221, 125, 1242, 'pc'),
(4224, 197, 1233, 'tablet'),
(4232, 42, 2408, 'tablet'),
(4258, 61, 3589, 'tablet'),
(4265, 146, 3379, 'portatil'),
(4266, 59, 1016, 'smartphone'),
(4267, 47, 1734, 'pc'),
(4269, 144, 1515, 'pc'),
(4270, 51, 1913, 'tablet'),
(4283, 40, 153, 'smartphone'),
(4288, 92, 3060, 'tablet'),
(4289, 107, 3593, 'tablet'),
(4291, 9, 3367, 'smartphone'),
(4292, 115, 2637, 'pc'),
(4296, 91, 2898, 'tablet'),
(4304, 46, 243, 'tablet'),
(4305, 200, 88, 'tablet'),
(4307, 97, 3572, 'portatil'),
(4308, 79, 2631, 'smartphone'),
(4309, 65, 1020, 'portatil'),
(4313, 169, 1319, 'pc'),
(4314, 94, 3292, 'portatil'),
(4315, 66, 2062, 'pc'),
(4331, 144, 2016, 'pc'),
(4335, 55, 2873, 'portatil'),
(4339, 36, 3196, 'smartphone'),
(4346, 72, 2540, 'tablet'),
(4354, 19, 368, 'smartphone'),
(4355, 86, 2885, 'tablet'),
(4361, 180, 1315, 'pc'),
(4363, 26, 576, 'tablet'),
(4381, 124, 2842, 'pc'),
(4387, 190, 1948, 'tablet'),
(4397, 8, 756, 'smartphone'),
(4402, 66, 1258, 'smartphone'),
(4404, 184, 540, 'tablet'),
(4405, 157, 3417, 'smartphone'),
(4409, 164, 1610, 'tablet'),
(4412, 127, 835, 'tablet'),
(4416, 199, 792, 'smartphone'),
(4420, 78, 3420, 'portatil'),
(4433, 46, 3585, 'portatil'),
(4453, 200, 848, 'smartphone'),
(4454, 185, 3413, 'smartphone'),
(4467, 22, 2129, 'smartphone'),
(4472, 6, 3415, 'pc'),
(4475, 56, 100, 'smartphone'),
(4477, 135, 322, 'smartphone'),
(4482, 63, 1348, 'tablet'),
(4484, 28, 2161, 'portatil'),
(4488, 183, 612, 'smartphone'),
(4493, 51, 302, 'pc'),
(4501, 47, 573, 'portatil'),
(4503, 88, 526, 'tablet'),
(4504, 76, 2792, 'smartphone'),
(4520, 108, 1947, 'portatil'),
(4528, 50, 1293, 'portatil'),
(4529, 60, 622, 'tablet'),
(4531, 110, 2479, 'portatil'),
(4532, 33, 2965, 'tablet'),
(4533, 38, 14, 'portatil'),
(4539, 140, 2786, 'tablet'),
(4549, 91, 1918, 'pc'),
(4560, 199, 2552, 'portatil'),
(4565, 68, 2554, 'portatil'),
(4569, 84, 1094, 'smartphone'),
(4570, 181, 1860, 'portatil'),
(4574, 82, 2456, 'smartphone'),
(4577, 76, 638, 'smartphone'),
(4590, 152, 558, 'portatil'),
(4601, 42, 1225, 'smartphone'),
(4612, 177, 611, 'tablet'),
(4613, 3, 967, 'tablet'),
(4614, 136, 2745, 'pc'),
(4616, 97, 3028, 'smartphone'),
(4624, 193, 989, 'portatil'),
(4629, 28, 1786, 'pc'),
(4630, 194, 1350, 'smartphone'),
(4654, 32, 1764, 'smartphone'),
(4659, 29, 1686, 'pc'),
(4664, 112, 2011, 'portatil'),
(4667, 28, 927, 'pc'),
(4668, 4, 3432, 'tablet'),
(4686, 105, 1779, 'smartphone'),
(4687, 114, 1266, 'pc'),
(4689, 35, 2421, 'portatil'),
(4697, 148, 2122, 'portatil'),
(4701, 71, 22, 'pc'),
(4707, 31, 277, 'portatil'),
(4720, 126, 340, 'tablet'),
(4723, 142, 2334, 'tablet'),
(4727, 6, 2688, 'smartphone'),
(4732, 152, 1615, 'smartphone'),
(4736, 43, 40, 'tablet'),
(4738, 91, 761, 'portatil'),
(4739, 105, 2666, 'pc'),
(4742, 72, 1516, 'smartphone'),
(4743, 109, 866, 'pc'),
(4746, 57, 270, 'smartphone'),
(4755, 174, 937, 'smartphone'),
(4764, 91, 1516, 'smartphone'),
(4773, 196, 1163, 'smartphone'),
(4778, 43, 1226, 'tablet'),
(4792, 62, 3157, 'smartphone'),
(4804, 110, 2355, 'pc'),
(4810, 153, 1784, 'smartphone'),
(4815, 1, 3187, 'pc'),
(4818, 12, 2706, 'smartphone'),
(4820, 78, 3277, 'pc'),
(4826, 95, 2336, 'pc'),
(4840, 174, 148, 'portatil'),
(4844, 118, 526, 'smartphone'),
(4845, 44, 310, 'portatil'),
(4848, 185, 1934, 'portatil'),
(4850, 20, 2352, 'pc'),
(4851, 52, 289, 'portatil'),
(4857, 92, 108, 'tablet'),
(4862, 68, 1232, 'portatil'),
(4867, 13, 2709, 'tablet'),
(4871, 196, 690, 'tablet'),
(4874, 47, 1581, 'pc'),
(4877, 136, 305, 'portatil'),
(4878, 23, 2073, 'tablet'),
(4888, 92, 1237, 'tablet'),
(4890, 182, 2285, 'tablet'),
(4892, 77, 968, 'tablet'),
(4893, 85, 36, 'tablet'),
(4896, 42, 849, 'portatil'),
(4904, 163, 2736, 'pc'),
(4908, 166, 2807, 'smartphone'),
(4915, 51, 239, 'smartphone'),
(4917, 57, 3281, 'pc'),
(4921, 48, 2393, 'smartphone'),
(4930, 110, 741, 'tablet'),
(4933, 200, 3415, 'portatil'),
(4940, 25, 2251, 'pc'),
(4948, 75, 1175, 'smartphone'),
(4955, 183, 3127, 'pc'),
(4956, 103, 2290, 'tablet'),
(4959, 8, 1993, 'smartphone'),
(4963, 197, 2994, 'portatil'),
(4967, 89, 462, 'portatil'),
(4975, 191, 778, 'tablet'),
(4980, 54, 890, 'tablet'),
(4981, 146, 1518, 'tablet'),
(4984, 183, 75, 'smartphone'),
(4987, 65, 1243, 'portatil'),
(4991, 8, 1026, 'portatil'),
(4995, 198, 177, 'portatil'),
(5008, 196, 661, 'portatil'),
(5011, 2, 656, 'pc'),
(5020, 176, 3422, 'smartphone'),
(5032, 8, 1045, 'portatil'),
(5036, 174, 2868, 'smartphone'),
(5037, 88, 1768, 'tablet'),
(5038, 87, 2712, 'pc'),
(5039, 195, 655, 'smartphone'),
(5042, 27, 2373, 'smartphone'),
(5050, 30, 1822, 'tablet'),
(5064, 80, 3460, 'tablet'),
(5072, 74, 2102, 'portatil'),
(5073, 184, 711, 'portatil'),
(5085, 46, 3196, 'tablet'),
(5086, 124, 819, 'portatil'),
(5091, 93, 660, 'pc'),
(5096, 32, 3377, 'smartphone'),
(5103, 186, 2309, 'portatil'),
(5105, 23, 1423, 'portatil'),
(5114, 98, 1073, 'pc'),
(5135, 178, 3422, 'tablet'),
(5136, 88, 3317, 'smartphone'),
(5139, 180, 532, 'smartphone'),
(5147, 126, 1686, 'portatil'),
(5152, 53, 1328, 'portatil'),
(5154, 92, 3036, 'smartphone'),
(5156, 62, 1225, 'tablet'),
(5157, 5, 2791, 'smartphone'),
(5163, 183, 1666, 'pc'),
(5164, 11, 2840, 'pc'),
(5165, 180, 2031, 'portatil'),
(5167, 159, 2673, 'tablet'),
(5168, 70, 124, 'smartphone'),
(5182, 79, 2355, 'pc'),
(5188, 158, 913, 'portatil'),
(5193, 181, 1700, 'portatil'),
(5194, 161, 3254, 'smartphone'),
(5201, 89, 3358, 'portatil'),
(5202, 181, 529, 'portatil'),
(5208, 146, 3405, 'pc'),
(5215, 47, 1559, 'pc'),
(5219, 121, 2420, 'pc'),
(5223, 118, 1826, 'pc'),
(5238, 79, 225, 'portatil'),
(5239, 166, 2042, 'tablet'),
(5242, 111, 500, 'tablet'),
(5249, 41, 1694, 'portatil'),
(5250, 103, 2955, 'pc'),
(5254, 43, 87, 'pc'),
(5257, 71, 2733, 'tablet'),
(5264, 137, 48, 'pc'),
(5266, 83, 2839, 'smartphone'),
(5279, 21, 764, 'pc'),
(5282, 165, 3448, 'smartphone'),
(5293, 72, 2068, 'smartphone'),
(5294, 145, 1549, 'portatil'),
(5296, 24, 179, 'portatil'),
(5306, 6, 3129, 'pc'),
(5308, 17, 774, 'portatil'),
(5311, 59, 2003, 'tablet'),
(5315, 92, 21, 'smartphone'),
(5322, 17, 2022, 'tablet'),
(5325, 53, 186, 'portatil'),
(5329, 145, 2390, 'portatil'),
(5331, 11, 1574, 'pc'),
(5337, 27, 2464, 'portatil'),
(5340, 11, 1655, 'smartphone'),
(5345, 29, 1448, 'tablet'),
(5362, 64, 296, 'portatil'),
(5371, 142, 2821, 'portatil'),
(5378, 13, 889, 'portatil'),
(5380, 129, 2006, 'smartphone'),
(5385, 13, 2633, 'pc'),
(5386, 164, 2164, 'smartphone'),
(5387, 129, 1504, 'tablet'),
(5389, 141, 2284, 'pc'),
(5390, 5, 1854, 'smartphone'),
(5392, 106, 1571, 'portatil'),
(5393, 189, 3553, 'portatil'),
(5397, 186, 1761, 'portatil'),
(5402, 72, 2613, 'tablet'),
(5414, 98, 433, 'smartphone'),
(5417, 53, 162, 'pc'),
(5420, 16, 1367, 'smartphone'),
(5427, 27, 1554, 'smartphone'),
(5429, 119, 1876, 'portatil'),
(5430, 133, 1945, 'smartphone'),
(5431, 60, 2687, 'portatil'),
(5438, 50, 2447, 'pc'),
(5439, 149, 3364, 'tablet'),
(5444, 12, 2483, 'portatil'),
(5455, 165, 2096, 'pc'),
(5456, 109, 2096, 'smartphone'),
(5459, 191, 1843, 'smartphone'),
(5464, 13, 3028, 'tablet'),
(5467, 153, 605, 'portatil'),
(5472, 39, 2876, 'portatil'),
(5475, 137, 1300, 'smartphone'),
(5477, 181, 640, 'pc'),
(5489, 75, 138, 'portatil'),
(5495, 92, 779, 'smartphone'),
(5497, 25, 1425, 'pc'),
(5502, 33, 333, 'portatil'),
(5511, 95, 2136, 'portatil'),
(5521, 123, 2998, 'portatil'),
(5522, 106, 1206, 'tablet'),
(5524, 111, 2563, 'portatil'),
(5525, 74, 3547, 'portatil'),
(5532, 60, 443, 'tablet'),
(5533, 92, 1723, 'tablet'),
(5542, 2, 1369, 'smartphone'),
(5546, 58, 694, 'tablet'),
(5547, 66, 1935, 'tablet'),
(5550, 28, 497, 'tablet'),
(5565, 152, 2687, 'pc'),
(5569, 14, 1058, 'pc'),
(5574, 19, 1882, 'pc'),
(5576, 18, 1645, 'pc'),
(5583, 9, 3110, 'portatil'),
(5587, 10, 1479, 'tablet'),
(5594, 197, 1113, 'smartphone'),
(5595, 147, 3180, 'smartphone'),
(5598, 121, 3204, 'tablet'),
(5600, 17, 2912, 'portatil'),
(5606, 67, 813, 'portatil'),
(5607, 5, 3142, 'pc'),
(5608, 180, 3502, 'portatil'),
(5614, 172, 402, 'tablet'),
(5620, 89, 433, 'pc'),
(5626, 6, 1433, 'tablet'),
(5635, 98, 2758, 'portatil'),
(5636, 7, 871, 'smartphone'),
(5641, 184, 3089, 'pc'),
(5642, 2, 1051, 'smartphone'),
(5654, 140, 3580, 'portatil'),
(5664, 70, 3401, 'smartphone'),
(5665, 58, 3041, 'pc'),
(5672, 117, 3468, 'portatil'),
(5673, 76, 489, 'pc'),
(5676, 161, 1302, 'pc'),
(5677, 164, 2144, 'tablet'),
(5682, 169, 2119, 'pc'),
(5687, 78, 913, 'smartphone'),
(5697, 155, 1416, 'tablet'),
(5698, 127, 462, 'portatil'),
(5699, 134, 413, 'pc'),
(5703, 151, 575, 'smartphone'),
(5705, 119, 1619, 'smartphone'),
(5720, 199, 282, 'portatil'),
(5725, 28, 1601, 'tablet'),
(5726, 154, 381, 'smartphone'),
(5733, 57, 901, 'smartphone'),
(5734, 132, 1026, 'smartphone'),
(5745, 55, 491, 'tablet'),
(5749, 188, 2188, 'portatil'),
(5757, 135, 3311, 'smartphone'),
(5766, 43, 593, 'tablet'),
(5768, 4, 421, 'pc'),
(5770, 130, 1004, 'smartphone'),
(5774, 121, 1365, 'pc'),
(5790, 72, 2274, 'smartphone'),
(5791, 98, 3294, 'portatil'),
(5794, 123, 143, 'smartphone'),
(5795, 20, 1859, 'pc'),
(5802, 104, 3235, 'tablet'),
(5803, 154, 640, 'pc'),
(5810, 32, 580, 'portatil'),
(5814, 148, 1878, 'tablet'),
(5820, 172, 472, 'portatil'),
(5831, 69, 3439, 'tablet'),
(5840, 179, 90, 'smartphone'),
(5845, 65, 1409, 'pc'),
(5849, 63, 939, 'pc'),
(5852, 145, 1238, 'pc'),
(5853, 169, 665, 'pc'),
(5854, 151, 545, 'portatil'),
(5855, 155, 2946, 'pc'),
(5856, 100, 3023, 'smartphone'),
(5858, 46, 2548, 'portatil'),
(5878, 44, 2688, 'portatil'),
(5882, 152, 1611, 'portatil'),
(5883, 15, 3097, 'tablet'),
(5895, 135, 1119, 'tablet'),
(5908, 63, 3130, 'pc'),
(5916, 27, 2278, 'smartphone'),
(5918, 37, 2885, 'pc'),
(5923, 38, 2294, 'smartphone'),
(5938, 182, 446, 'pc'),
(5940, 71, 2772, 'pc'),
(5949, 92, 1202, 'pc'),
(5951, 172, 851, 'portatil'),
(5955, 161, 523, 'pc'),
(5959, 11, 619, 'smartphone'),
(5973, 66, 2656, 'smartphone'),
(5975, 60, 1360, 'smartphone'),
(5978, 146, 1573, 'tablet'),
(5982, 30, 2325, 'portatil'),
(6003, 154, 1218, 'tablet'),
(6008, 67, 2874, 'portatil'),
(6017, 48, 1231, 'tablet'),
(6022, 27, 379, 'portatil'),
(6023, 37, 1648, 'pc'),
(6024, 32, 2685, 'smartphone'),
(6031, 157, 54, 'smartphone'),
(6038, 150, 742, 'tablet'),
(6040, 107, 2650, 'smartphone'),
(6049, 70, 3072, 'pc'),
(6053, 99, 2344, 'portatil'),
(6069, 40, 1291, 'pc'),
(6077, 82, 2984, 'pc'),
(6080, 98, 24, 'smartphone'),
(6081, 162, 79, 'pc'),
(6085, 159, 3503, 'tablet'),
(6086, 163, 2553, 'smartphone'),
(6092, 15, 2879, 'tablet'),
(6104, 122, 2920, 'pc'),
(6111, 63, 2829, 'smartphone'),
(6114, 125, 2873, 'portatil'),
(6124, 185, 3048, 'smartphone'),
(6126, 121, 2656, 'tablet'),
(6132, 47, 2018, 'smartphone'),
(6146, 122, 2439, 'tablet'),
(6147, 43, 1634, 'tablet'),
(6154, 146, 2823, 'tablet'),
(6158, 160, 3458, 'smartphone'),
(6165, 128, 1227, 'smartphone'),
(6167, 54, 2850, 'smartphone'),
(6169, 142, 3549, 'smartphone'),
(6170, 199, 356, 'tablet'),
(6186, 44, 2772, 'portatil'),
(6187, 189, 1267, 'portatil'),
(6200, 186, 1368, 'pc');

-- --------------------------------------------------------

--
-- Estructura de tabla para la tabla `vendedor`
--

CREATE TABLE `vendedor` (
  `id_vendedor` int(12) NOT NULL,
  `id_persona` varchar(255) NOT NULL,
  `id_sede` int(12) NOT NULL
) ENGINE=InnoDB DEFAULT CHARSET=utf8mb4;

--
-- Volcado de datos para la tabla `vendedor`
--

INSERT INTO `vendedor` (`id_vendedor`, `id_persona`, `id_sede`) VALUES
(1, '00000025W', 3),
(2, '00000205K', 4),
(3, '00000445P', 2),
(4, '00000599R', 3),
(5, '00001361G', 2),
(6, '00001406A', 1),
(7, '00001505X', 3),
(8, '00001782B', 3),
(9, '00001786S', 2),
(10, '00002014J', 3),
(11, '00002295H', 3),
(12, '00002551K', 4),
(13, '00002599T', 4),
(14, '00002658J', 2),
(15, '00003334E', 4),
(16, '00003445H', 3),
(17, '00003478M', 1),
(18, '00003624J', 1),
(19, '00003953C', 2),
(21, '00004554T', 4),
(22, '00005136F', 1),
(23, '00005285H', 2),
(24, '00005378L', 3),
(25, '00005764Z', 4),
(26, '00006196D', 1),
(27, '00006225S', 1),
(28, '00006426D', 2),
(29, '00006617Q', 2),
(30, '00006771D', 1),
(31, '00006910X', 3),
(32, '00007102H', 4),
(33, '00007477W', 2),
(34, '00007548G', 1),
(35, '00007649J', 3),
(36, '00007820T', 2),
(37, '00008089Q', 1),
(38, '00008127P', 2),
(39, '00008217Y', 4),
(40, '00008261G', 1),
(41, '00008556T', 1),
(42, '00008612X', 3),
(43, '00009030Z', 3),
(44, '00009661R', 2),
(45, '00010041J', 3),
(46, '00010064J', 3),
(47, '00010258T', 1),
(48, '00010289P', 4),
(49, '00010540Y', 2),
(50, '00010694E', 1);

-- --------------------------------------------------------

--
-- Estructura de tabla para la tabla `venta`
--

CREATE TABLE `venta` (
  `id_venta` int(12) NOT NULL,
  `id_vendedor` int(12) NOT NULL,
  `id_chasis` varchar(255) NOT NULL,
  `id_cliente` int(12) NOT NULL,
  `modo_pago` varchar(255) NOT NULL,
  `fecha_entrega` date NOT NULL,
  `valor` int(12) NOT NULL
) ENGINE=InnoDB DEFAULT CHARSET=utf8mb4;

--
-- Volcado de datos para la tabla `venta`
--

INSERT INTO `venta` (`id_venta`, `id_vendedor`, `id_chasis`, `id_cliente`, `modo_pago`, `fecha_entrega`, `valor`) VALUES
(1, 33, 'ch00326635N', 1, 'tarjeta', '2000-12-14', 41937740),
(2, 8, 'ch00328644C', 2, 'tarjeta', '1973-08-03', 49852458),
(3, 19, 'ch00372680B', 3, 'contado', '1998-04-17', 49204910),
(4, 5, 'ch00377904Z', 4, 'contado', '1990-09-26', 48108801),
(5, 1, 'ch00386280H', 5, 'contado', '2010-03-21', 48454955),
(6, 1, 'ch00408399B', 6, 'tarjeta', '1994-12-20', 48067566),
(7, 4, 'ch00617155L', 7, 'contado', '2010-05-17', 48952769),
(8, 49, 'ch00914909S', 8, 'contado', '2015-08-04', 48988564),
(9, 30, 'ch00940675K', 9, 'contado', '1980-02-10', 40172477),
(10, 41, 'ch00940801D', 10, 'tarjeta', '2007-04-24', 40710694),
(11, 18, 'ch01002144B', 11, 'tarjeta', '1986-06-27', 40154024),
(12, 23, 'ch01214557L', 12, 'tarjeta', '1995-12-26', 43111063),
(13, 44, 'ch01222079C', 13, 'tarjeta', '2002-10-20', 48316376),
(14, 36, 'ch01234854F', 14, 'tarjeta', '1998-11-05', 44575937),
(15, 19, 'ch01245021P', 15, 'contado', '1994-09-02', 41311787),
(16, 48, 'ch01381360A', 16, 'contado', '2019-05-25', 48071049),
(17, 34, 'ch01496411P', 17, 'contado', '2012-12-27', 41045845),
(18, 9, 'ch01563542W', 18, 'tarjeta', '1975-11-30', 49998463),
(19, 14, 'ch01580007E', 19, 'tarjeta', '2015-04-23', 42993067),
(20, 34, 'ch01589052M', 20, 'contado', '2006-10-18', 47353904),
(21, 37, 'ch01700549K', 21, 'tarjeta', '1970-08-31', 42404936),
(22, 10, 'ch01759090G', 22, 'contado', '2012-03-10', 41368495),
(23, 1, 'ch01902259K', 23, 'contado', '2018-08-16', 49750364),
(24, 16, 'ch01997463M', 24, 'tarjeta', '1972-05-28', 47767632),
(25, 10, 'ch02062452L', 25, 'tarjeta', '2016-12-27', 42866277),
(26, 45, 'ch02372258S', 26, 'contado', '1985-03-25', 47625377),
(27, 28, 'ch02389681G', 27, 'contado', '1973-04-20', 46770083),
(28, 41, 'ch02410891P', 28, 'tarjeta', '2013-05-28', 42099140),
(29, 9, 'ch02535212Z', 29, 'tarjeta', '2001-11-12', 43933701),
(30, 26, 'ch02604122Q', 30, 'tarjeta', '1994-11-28', 48553383),
(31, 50, 'ch02880083T', 31, 'tarjeta', '2009-01-14', 48121840),
(32, 13, 'ch02903621D', 32, 'contado', '2019-11-24', 44464230),
(33, 15, 'ch03146577Q', 33, 'tarjeta', '1991-01-12', 49519598),
(34, 26, 'ch03182182V', 34, 'contado', '2011-01-15', 43075797),
(35, 12, 'ch03293451N', 35, 'contado', '1994-07-02', 46576062),
(36, 33, 'ch03300557B', 36, 'tarjeta', '1972-03-14', 45868442),
(37, 34, 'ch03327577Y', 37, 'contado', '1984-06-26', 44091307),
(38, 33, 'ch03566057E', 38, 'tarjeta', '2007-01-26', 41459278),
(39, 9, 'ch03607416G', 39, 'contado', '1974-07-03', 43019209),
(40, 28, 'ch03692163L', 40, 'contado', '2014-10-13', 47488727),
(41, 3, 'ch03729261H', 41, 'tarjeta', '2010-02-02', 47580196),
(42, 11, 'ch03745798H', 42, 'tarjeta', '1970-05-28', 45456049),
(43, 10, 'ch03823425C', 43, 'tarjeta', '1985-09-22', 48256535),
(44, 6, 'ch03898791S', 44, 'contado', '1979-08-31', 49184178),
(45, 23, 'ch03921145J', 45, 'tarjeta', '2015-06-04', 42741272),
(46, 9, 'ch03944633H', 46, 'tarjeta', '1976-10-31', 45217024),
(47, 30, 'ch03981294V', 47, 'tarjeta', '2019-09-27', 47641680),
(48, 25, 'ch04049580Q', 48, 'tarjeta', '2015-01-29', 42932438),
(49, 17, 'ch04108534K', 49, 'tarjeta', '1982-06-20', 45286892),
(50, 10, 'ch04119817B', 50, 'tarjeta', '1993-03-03', 45782508),
(51, 19, 'ch04168288K', 51, 'contado', '1978-07-06', 46019036),
(52, 27, 'ch04266737F', 52, 'tarjeta', '1971-04-27', 41460557),
(53, 2, 'ch04315408X', 53, 'contado', '1983-06-30', 47053435),
(54, 23, 'ch04421352Q', 54, 'contado', '1995-11-12', 43946223),
(55, 16, 'ch04664764L', 55, 'tarjeta', '2016-12-04', 45211235),
(56, 33, 'ch04844182Z', 56, 'contado', '2002-04-23', 49846273),
(57, 14, 'ch04912802W', 57, 'contado', '2000-08-20', 41599128),
(58, 7, 'ch05007552S', 58, 'contado', '2009-01-17', 43174810),
(59, 3, 'ch05153684M', 59, 'tarjeta', '1998-12-14', 49816089),
(60, 21, 'ch05192114W', 60, 'tarjeta', '1991-01-13', 42623358),
(61, 48, 'ch05233769G', 61, 'contado', '1978-05-30', 49813386),
(62, 29, 'ch05274245T', 62, 'contado', '1986-08-12', 48681341),
(63, 33, 'ch05300601K', 63, 'tarjeta', '1975-11-01', 41669187),
(64, 3, 'ch05419639B', 64, 'tarjeta', '1982-05-30', 41788680),
(65, 36, 'ch05452036R', 65, 'contado', '1999-06-15', 43810234),
(66, 50, 'ch05501328G', 66, 'contado', '1996-04-14', 46755933),
(67, 49, 'ch05706110V', 67, 'contado', '2006-08-28', 48025711),
(68, 22, 'ch05762537W', 68, 'tarjeta', '1973-02-11', 48155819),
(69, 34, 'ch05835206Z', 69, 'contado', '1998-04-04', 46333824),
(70, 5, 'ch05848270Z', 70, 'contado', '1993-08-14', 43422582),
(71, 7, 'ch05956958G', 71, 'tarjeta', '1986-08-23', 44949726),
(72, 23, 'ch06070590Q', 72, 'contado', '1970-02-28', 42584567),
(73, 5, 'ch06115603H', 73, 'tarjeta', '1989-06-23', 46182706),
(74, 18, 'ch06126653M', 74, 'tarjeta', '1989-06-14', 40369978),
(75, 5, 'ch06140503D', 75, 'contado', '1983-03-19', 45960637),
(76, 16, 'ch06148879J', 76, 'contado', '1983-05-27', 49107390),
(77, 17, 'ch06227370M', 77, 'tarjeta', '1991-08-25', 44993295),
(78, 4, 'ch06269454E', 78, 'tarjeta', '1998-06-11', 40518037),
(79, 23, 'ch06346294L', 79, 'tarjeta', '1979-12-17', 42468092),
(80, 43, 'ch06451559J', 80, 'tarjeta', '2007-01-31', 41976568),
(81, 3, 'ch06464081T', 81, 'contado', '1999-05-05', 46815332),
(82, 45, 'ch06590081Y', 82, 'tarjeta', '1977-10-09', 44902247),
(83, 9, 'ch06608324X', 83, 'tarjeta', '1974-09-21', 40000727),
(84, 25, 'ch06624845V', 84, 'contado', '2019-04-22', 43555374),
(85, 31, 'ch06675996Q', 85, 'contado', '1974-02-20', 40221560),
(86, 17, 'ch06708735A', 86, 'tarjeta', '1975-09-15', 41212870),
(87, 47, 'ch06761254J', 87, 'tarjeta', '2015-07-14', 49440646),
(88, 19, 'ch06762692W', 88, 'tarjeta', '2017-04-12', 49083386),
(89, 19, 'ch06859671J', 89, 'tarjeta', '1992-02-20', 48609936),
(90, 33, 'ch06961609S', 90, 'contado', '1991-08-23', 40304922),
(91, 2, 'ch07045439X', 91, 'contado', '2004-12-25', 47226546),
(92, 3, 'ch07051018T', 92, 'tarjeta', '2014-11-30', 42602117),
(93, 33, 'ch07197789P', 93, 'tarjeta', '1994-11-24', 46647201),
(94, 47, 'ch07207175X', 94, 'tarjeta', '2012-11-21', 48771393),
(95, 38, 'ch07398718D', 95, 'contado', '1975-04-18', 42557342),
(96, 40, 'ch07451117Z', 96, 'tarjeta', '1988-08-31', 46006258),
(97, 32, 'ch07467015L', 97, 'tarjeta', '1996-03-19', 42690288),
(98, 1, 'ch07480470L', 98, 'tarjeta', '2010-10-14', 45560069),
(99, 9, 'ch07542967W', 99, 'contado', '1982-11-02', 40054185),
(100, 43, 'ch07603746S', 100, 'contado', '1980-04-17', 44286991),
(101, 49, 'ch07611354X', 101, 'contado', '2012-10-26', 48013518),
(102, 37, 'ch07637442Q', 102, 'tarjeta', '1974-08-16', 41530022),
(103, 14, 'ch07762292E', 103, 'tarjeta', '1994-10-14', 42778634),
(104, 37, 'ch07946776T', 104, 'tarjeta', '1999-02-25', 40746922),
(105, 12, 'ch07967195H', 105, 'tarjeta', '1975-07-27', 49101754),
(106, 40, 'ch08017375N', 106, 'contado', '1976-02-21', 42534511),
(107, 47, 'ch08201954Q', 107, 'contado', '1988-11-18', 48396040),
(108, 5, 'ch08308687Y', 108, 'tarjeta', '1988-12-19', 48590867),
(109, 21, 'ch08361613D', 109, 'tarjeta', '2008-11-30', 40003966),
(110, 27, 'ch08585192M', 110, 'contado', '1989-05-13', 49324466),
(111, 15, 'ch08599797M', 111, 'contado', '1977-12-12', 40791635),
(112, 38, 'ch08773663Z', 112, 'contado', '2002-03-17', 43065826),
(113, 38, 'ch08794421A', 113, 'contado', '1985-06-06', 47583343),
(114, 10, 'ch08852919N', 114, 'tarjeta', '2015-08-15', 49783408),
(115, 18, 'ch08890955Y', 115, 'tarjeta', '2011-08-29', 47543194),
(116, 6, 'ch08998433M', 116, 'tarjeta', '1982-07-08', 40347478),
(117, 1, 'ch09063232J', 117, 'tarjeta', '1993-09-25', 45009246),
(118, 35, 'ch09117513Z', 118, 'tarjeta', '2002-08-24', 46428721),
(119, 32, 'ch09129256G', 119, 'tarjeta', '2018-12-27', 44755655),
(120, 14, 'ch09151398C', 120, 'tarjeta', '2001-05-17', 45966012),
(121, 2, 'ch09166894Z', 121, 'tarjeta', '2005-12-12', 41110351),
(122, 43, 'ch09205080C', 122, 'tarjeta', '2002-04-23', 46833218),
(123, 19, 'ch09257322Y', 123, 'contado', '2012-06-05', 41005927),
(124, 49, 'ch09270817T', 124, 'tarjeta', '1975-01-30', 49322577),
(125, 34, 'ch09295832Z', 125, 'contado', '1985-02-23', 45117937),
(126, 39, 'ch09361642K', 126, 'tarjeta', '2000-01-07', 44972315),
(127, 38, 'ch09483006Z', 127, 'contado', '1977-01-03', 41633001),
(128, 13, 'ch09629500K', 128, 'contado', '1983-11-03', 44133771),
(129, 50, 'ch09649938N', 129, 'contado', '2003-09-03', 48854019),
(130, 46, 'ch09850569Z', 130, 'contado', '2018-03-08', 48326007),
(131, 4, 'ch09854380F', 131, 'tarjeta', '1997-11-20', 42582150),
(132, 35, 'ch09899701H', 132, 'contado', '1992-02-24', 40463110),
(133, 16, 'ch09913921R', 133, 'tarjeta', '2011-01-13', 40670935),
(134, 49, 'ch09928786P', 134, 'tarjeta', '1996-03-19', 46054600),
(135, 38, 'ch09989765Z', 135, 'tarjeta', '2013-01-28', 44924365),
(136, 31, 'ch10023398K', 136, 'tarjeta', '1993-03-24', 48105475),
(137, 19, 'ch10059755S', 137, 'contado', '1987-02-26', 45890246),
(138, 47, 'ch10189354D', 138, 'contado', '2010-07-12', 45957475),
(139, 41, 'ch10436456E', 139, 'contado', '1999-12-14', 43710545),
(140, 43, 'ch10564543E', 140, 'tarjeta', '1985-09-09', 47474945),
(141, 10, 'ch10587403C', 141, 'tarjeta', '1996-03-03', 43194148),
(142, 5, 'ch10723581S', 142, 'tarjeta', '1988-01-04', 43796461),
(143, 32, 'ch10819167J', 143, 'tarjeta', '1989-09-19', 44078715),
(144, 11, 'ch10869179T', 144, 'contado', '1984-01-06', 40588514),
(145, 19, 'ch10912038X', 145, 'contado', '2000-07-25', 44398626),
(146, 10, 'ch10962714V', 146, 'tarjeta', '2012-08-29', 41072798),
(147, 42, 'ch10992297E', 147, 'tarjeta', '1990-04-26', 44745391),
(148, 11, 'ch11000599K', 148, 'contado', '1986-05-13', 49392285),
(149, 27, 'ch11023817D', 149, 'contado', '2009-03-21', 41216904),
(150, 2, 'ch11059369A', 150, 'tarjeta', '1980-11-26', 49356249),
(151, 17, 'ch11080924F', 151, 'tarjeta', '1985-12-18', 42406014),
(152, 17, 'ch11131667N', 152, 'tarjeta', '2000-05-05', 40089306),
(153, 30, 'ch11184084N', 153, 'tarjeta', '1981-03-25', 49561492),
(154, 4, 'ch11198276J', 154, 'tarjeta', '2003-12-09', 48634337),
(155, 10, 'ch11298057C', 155, 'contado', '2013-06-20', 49222592),
(156, 3, 'ch11313461Z', 156, 'tarjeta', '2011-10-23', 46328609),
(157, 24, 'ch11356171J', 157, 'tarjeta', '2011-06-09', 42353670),
(158, 6, 'ch11367966D', 158, 'tarjeta', '1972-05-06', 45225981),
(159, 49, 'ch11377438M', 159, 'contado', '2015-10-05', 44070520),
(160, 36, 'ch11422797P', 160, 'contado', '2007-04-29', 44055284),
(161, 9, 'ch11443623L', 161, 'tarjeta', '2002-09-17', 41578749),
(162, 11, 'ch11494485M', 162, 'tarjeta', '2001-07-24', 40486843),
(163, 32, 'ch11536306N', 163, 'contado', '1987-07-09', 44422457),
(164, 25, 'ch11657693M', 164, 'contado', '1972-07-15', 40728880),
(165, 46, 'ch11740428D', 165, 'contado', '1998-05-17', 47751585),
(166, 7, 'ch11744493A', 166, 'contado', '2002-03-29', 48617561),
(167, 24, 'ch11958395M', 167, 'contado', '1999-11-27', 42716556),
(168, 50, 'ch12097957A', 168, 'contado', '2010-08-02', 44328144),
(169, 30, 'ch12125832W', 169, 'contado', '1981-02-08', 45140984),
(170, 23, 'ch12343297W', 170, 'tarjeta', '1986-06-16', 49586538),
(171, 11, 'ch12364165D', 171, 'tarjeta', '1980-01-30', 45067516),
(172, 24, 'ch12364473H', 172, 'tarjeta', '2011-10-01', 49546289),
(173, 32, 'ch12366848R', 173, 'tarjeta', '1978-07-24', 49730658),
(174, 6, 'ch12454193S', 174, 'tarjeta', '1972-07-16', 42459946),
(175, 28, 'ch12525175L', 175, 'tarjeta', '1973-08-07', 46197536),
(176, 47, 'ch12657829D', 176, 'tarjeta', '1984-06-29', 41759832),
(177, 31, 'ch12882930D', 177, 'contado', '1988-09-01', 40769863),
(178, 27, 'ch12997721F', 178, 'contado', '1981-02-11', 44799462),
(179, 25, 'ch13041356B', 179, 'tarjeta', '1997-03-08', 46341917),
(180, 31, 'ch13065854Z', 180, 'tarjeta', '1997-11-14', 43394998),
(181, 15, 'ch13182955E', 181, 'tarjeta', '2016-10-28', 48914188),
(182, 2, 'ch13392063Z', 182, 'contado', '1995-09-08', 44980016),
(183, 38, 'ch13457115E', 183, 'tarjeta', '1970-03-27', 47688764),
(184, 35, 'ch13496532V', 184, 'tarjeta', '1975-03-29', 49026767),
(185, 46, 'ch13499788F', 185, 'tarjeta', '1970-09-16', 45458186),
(186, 44, 'ch13647588D', 186, 'contado', '2000-07-09', 41801012),
(187, 14, 'ch13658572E', 187, 'contado', '2003-01-06', 46016645),
(188, 21, 'ch13728213L', 188, 'contado', '2015-01-27', 40039860),
(189, 44, 'ch13749626L', 189, 'tarjeta', '1982-04-17', 43560673),
(190, 38, 'ch13758953P', 190, 'contado', '1986-12-10', 48268444),
(191, 44, 'ch13842431L', 191, 'contado', '2017-08-03', 43335205),
(192, 6, 'ch13878476T', 192, 'contado', '2016-10-14', 40364589),
(193, 18, 'ch13895951H', 193, 'contado', '2010-05-31', 48326131),
(194, 11, 'ch14029730Y', 194, 'contado', '2019-10-27', 48854593),
(195, 18, 'ch14059830E', 195, 'contado', '1977-08-29', 43245026),
(196, 15, 'ch14204138M', 196, 'contado', '1984-03-09', 45279077),
(197, 36, 'ch14343041B', 197, 'contado', '2013-01-30', 47096316),
(198, 15, 'ch14484451V', 198, 'contado', '2015-08-04', 40922650),
(199, 3, 'ch14502840Y', 199, 'contado', '1971-11-03', 44472513),
(200, 15, 'ch14530269L', 200, 'tarjeta', '1999-09-07', 44322183);

--
-- Índices para tablas volcadas
--

--
-- Indices de la tabla `carro`
--
ALTER TABLE `carro`
  ADD PRIMARY KEY (`id_chasis`);

--
-- Indices de la tabla `cliente`
--
ALTER TABLE `cliente`
  ADD PRIMARY KEY (`id_cliente`);

--
-- Indices de la tabla `modelo`
--
ALTER TABLE `modelo`
  ADD PRIMARY KEY (`id_modelo`);

--
-- Indices de la tabla `persona`
--
ALTER TABLE `persona`
  ADD PRIMARY KEY (`id`);

--
-- Indices de la tabla `sede`
--
ALTER TABLE `sede`
  ADD PRIMARY KEY (`id_sede`);

--
-- Indices de la tabla `vendedor`
--
ALTER TABLE `vendedor`
  ADD PRIMARY KEY (`id_vendedor`),
  ADD KEY `id_persona` (`id_persona`),
  ADD KEY `id_sede` (`id_sede`);

--
-- AUTO_INCREMENT de las tablas volcadas
--

--
-- AUTO_INCREMENT de la tabla `cliente`
--
ALTER TABLE `cliente`
  MODIFY `id_cliente` int(12) NOT NULL AUTO_INCREMENT, AUTO_INCREMENT=10001;

--
-- AUTO_INCREMENT de la tabla `modelo`
--
ALTER TABLE `modelo`
  MODIFY `id_modelo` int(12) NOT NULL AUTO_INCREMENT, AUTO_INCREMENT=7;

--
-- AUTO_INCREMENT de la tabla `persona`
--
ALTER TABLE `persona`
  MODIFY `id` int(11) NOT NULL AUTO_INCREMENT, AUTO_INCREMENT=1062559;

--
-- AUTO_INCREMENT de la tabla `sede`
--
ALTER TABLE `sede`
  MODIFY `id_sede` int(12) NOT NULL AUTO_INCREMENT, AUTO_INCREMENT=5;

--
-- AUTO_INCREMENT de la tabla `vendedor`
--
ALTER TABLE `vendedor`
  MODIFY `id_vendedor` int(12) NOT NULL AUTO_INCREMENT, AUTO_INCREMENT=51;
COMMIT;

/*!40101 SET CHARACTER_SET_CLIENT=@OLD_CHARACTER_SET_CLIENT */;
/*!40101 SET CHARACTER_SET_RESULTS=@OLD_CHARACTER_SET_RESULTS */;
/*!40101 SET COLLATION_CONNECTION=@OLD_COLLATION_CONNECTION */;
