Estandar;grado;periodo;id_materia oficial;nombre_dba;Evidencia de aprendizaje;Eje tematico
Reconoce y valora la presencia de diversos legados culturales ?de diferentes ‚pocas y regiones? para el desarrollo de la humanidad.};10;4;1;"Analizo las relaciones y propiedades entre las expresiones algebraicas y las gráfi cas de funciones polinómicas y racionales y de sus derivadas. • Modelo situaciones de variación periódica con funciones trigonométricas e interpreto y utilizo sus derivadas.




Interpreto y comparo resultados de estudios con información estadística provenientes de medios de comunicación. • Justifi co o refuto inferencias basadas en razonamientos estadísticos a partir de resultados de estudios publicados en los medios o diseñados en el ámbito escolar. • Diseño experimentos aleatorios (de las ciencias físicas, naturales o sociales) para estudiar un problema o pregunta. • Describo tendencias que se observan en conjuntos de variables relacionadas. • Interpreto nociones básicas relacionadas con el manejo de información como población, muestra, variable aleatoria, distribución de frecuencias, parámetros y estadígrafos)";"Interpreta la noción de derivada como razón de cambio y como valor de la pendiente de la tangente a una curva y desarrolla métodos para hallar las derivadas de algunas funciones básicas en contextos matemáticos y no matemáticos.

Modela objetos geométricos en diversos sistemas de coordenadas (cartesiano, polar, esférico) y realiza comparaciones y toma decisiones con respecto a los modelos.

Plantea y resuelve problemas en los que se reconoce cuando dos eventos son o no independientes y usa la probabilidad condicional para comprobarlo.";Derivadas. Noción de derivada, derivada de una función en un punto, recta tangente, recta normal, reglas de derivación, integrales, estadística y probabilidad
